--
-- PostgreSQL database dump
--

-- Dumped from database version 16.2
-- Dumped by pg_dump version 16.2

SET statement_timeout = 0;
SET lock_timeout = 0;
SET idle_in_transaction_session_timeout = 0;
SET client_encoding = 'UTF8';
SET standard_conforming_strings = on;
SELECT pg_catalog.set_config('search_path', '', false);
SET check_function_bodies = false;
SET xmloption = content;
SET client_min_messages = warning;
SET row_security = off;

SET default_tablespace = '';

SET default_table_access_method = heap;

--
-- Name: Charities; Type: TABLE; Schema: public; Owner: postgres
--

CREATE TABLE public."Charities" (
    "CharityId" integer NOT NULL,
    "Name" character varying(100) NOT NULL,
    "Description" text,
    "ContactInfo" text,
    "Username" text,
    "PasswordHash" text
);


ALTER TABLE public."Charities" OWNER TO postgres;

--
-- Name: Charities_CharityId_seq; Type: SEQUENCE; Schema: public; Owner: postgres
--

ALTER TABLE public."Charities" ALTER COLUMN "CharityId" ADD GENERATED BY DEFAULT AS IDENTITY (
    SEQUENCE NAME public."Charities_CharityId_seq"
    START WITH 1
    INCREMENT BY 1
    NO MINVALUE
    NO MAXVALUE
    CACHE 1
);


--
-- Name: CharityPhotos; Type: TABLE; Schema: public; Owner: postgres
--

CREATE TABLE public."CharityPhotos" (
    "PhotoId" integer NOT NULL,
    "CharityId" integer NOT NULL,
    "PhotoBytes" text NOT NULL,
    "Description" text NOT NULL
);


ALTER TABLE public."CharityPhotos" OWNER TO postgres;

--
-- Name: CharityPhotos_PhotoId_seq; Type: SEQUENCE; Schema: public; Owner: postgres
--

ALTER TABLE public."CharityPhotos" ALTER COLUMN "PhotoId" ADD GENERATED BY DEFAULT AS IDENTITY (
    SEQUENCE NAME public."CharityPhotos_PhotoId_seq"
    START WITH 1
    INCREMENT BY 1
    NO MINVALUE
    NO MAXVALUE
    CACHE 1
);


--
-- Name: CharityProjects; Type: TABLE; Schema: public; Owner: postgres
--

CREATE TABLE public."CharityProjects" (
    "ProjectId" integer NOT NULL,
    "Name" character varying(100) NOT NULL,
    "Description" text NOT NULL,
    "StartDate" timestamp with time zone NOT NULL,
    "EndDate" timestamp with time zone NOT NULL,
    "CharityId" integer NOT NULL
);


ALTER TABLE public."CharityProjects" OWNER TO postgres;

--
-- Name: CharityProjects_ProjectId_seq; Type: SEQUENCE; Schema: public; Owner: postgres
--

ALTER TABLE public."CharityProjects" ALTER COLUMN "ProjectId" ADD GENERATED BY DEFAULT AS IDENTITY (
    SEQUENCE NAME public."CharityProjects_ProjectId_seq"
    START WITH 1
    INCREMENT BY 1
    NO MINVALUE
    NO MAXVALUE
    CACHE 1
);


--
-- Name: ProjectCategories; Type: TABLE; Schema: public; Owner: postgres
--

CREATE TABLE public."ProjectCategories" (
    "CategoryId" integer NOT NULL,
    "Name" character varying(100) NOT NULL
);


ALTER TABLE public."ProjectCategories" OWNER TO postgres;

--
-- Name: ProjectCategories_CategoryId_seq; Type: SEQUENCE; Schema: public; Owner: postgres
--

ALTER TABLE public."ProjectCategories" ALTER COLUMN "CategoryId" ADD GENERATED BY DEFAULT AS IDENTITY (
    SEQUENCE NAME public."ProjectCategories_CategoryId_seq"
    START WITH 1
    INCREMENT BY 1
    NO MINVALUE
    NO MAXVALUE
    CACHE 1
);


--
-- Name: ProjectComments; Type: TABLE; Schema: public; Owner: postgres
--

CREATE TABLE public."ProjectComments" (
    "CommentId" integer NOT NULL,
    "CommentText" text NOT NULL,
    "CommentDate" timestamp with time zone NOT NULL,
    "ProjectId" integer NOT NULL
);


ALTER TABLE public."ProjectComments" OWNER TO postgres;

--
-- Name: ProjectComments_CommentId_seq; Type: SEQUENCE; Schema: public; Owner: postgres
--

ALTER TABLE public."ProjectComments" ALTER COLUMN "CommentId" ADD GENERATED BY DEFAULT AS IDENTITY (
    SEQUENCE NAME public."ProjectComments_CommentId_seq"
    START WITH 1
    INCREMENT BY 1
    NO MINVALUE
    NO MAXVALUE
    CACHE 1
);


--
-- Name: ProjectPhotos; Type: TABLE; Schema: public; Owner: postgres
--

CREATE TABLE public."ProjectPhotos" (
    "PhotoId" integer NOT NULL,
    "ProjectId" integer NOT NULL,
    "PhotoBytes" text NOT NULL,
    "Description" text NOT NULL
);


ALTER TABLE public."ProjectPhotos" OWNER TO postgres;

--
-- Name: ProjectPhotos_PhotoId_seq; Type: SEQUENCE; Schema: public; Owner: postgres
--

ALTER TABLE public."ProjectPhotos" ALTER COLUMN "PhotoId" ADD GENERATED BY DEFAULT AS IDENTITY (
    SEQUENCE NAME public."ProjectPhotos_PhotoId_seq"
    START WITH 1
    INCREMENT BY 1
    NO MINVALUE
    NO MAXVALUE
    CACHE 1
);


--
-- Name: ProjectsCategoryMappings; Type: TABLE; Schema: public; Owner: postgres
--

CREATE TABLE public."ProjectsCategoryMappings" (
    "ProjectId" integer NOT NULL,
    "CategoryId" integer NOT NULL,
    "ProjectCategoryMappingId" integer NOT NULL
);


ALTER TABLE public."ProjectsCategoryMappings" OWNER TO postgres;

--
-- Data for Name: Charities; Type: TABLE DATA; Schema: public; Owner: postgres
--

COPY public."Charities" ("CharityId", "Name", "Description", "ContactInfo", "Username", "PasswordHash") FROM stdin;
1	Charity 1	Description 1	Contact info 1	charity1	password1
2	Example Charity	\N	\N	\N	\N
374	НПО «Кудрявцев-Беляева»	\N	\N	\N	\N
375	РАО «Новикова»	\N	\N	\N	\N
376	Белозерова Инкорпорэйтед	\N	\N	\N	\N
377	X5 Retail Group	\N	\N	\N	\N
378	ООО «Гуляева Моисеев»	\N	\N	\N	\N
379	ООО «Уваров»	\N	\N	\N	\N
380	ОАО «Калашников-Афанасьев»	\N	\N	\N	\N
381	ИП «Зимин Лазарева»	\N	\N	\N	\N
382	АО «Третьякова, Ефремова и Степанов»	\N	\N	\N	\N
383	РАО «Сафонова»	\N	\N	\N	\N
384	Александрова Инк	\N	\N	\N	\N
385	Центр финансовых технологий	\N	\N	\N	\N
386	ИП «Филиппов»	\N	\N	\N	\N
387	Корпорация Тактическое ракетное вооружение	\N	\N	\N	\N
388	ЗАО «Терентьев-Белов»	\N	\N	\N	\N
389	ИП «Котова, Осипова и Григорьев»	\N	\N	\N	\N
390	ООО «Ширяев-Егоров»	\N	\N	\N	\N
391	ООО «Капустин-Волкова»	\N	\N	\N	\N
392	НПО «Смирнова»	\N	\N	\N	\N
393	Мазда Соллерс Мануфэкчуринг Рус	\N	\N	\N	\N
394	НПО «Шарова-Гущина»	\N	\N	\N	\N
395	РАО «Антонова Петухов»	\N	\N	\N	\N
396	ООО «Тихонов»	\N	\N	\N	\N
397	АО «Архипова Казаков»	\N	\N	\N	\N
398	АО «Белоусов-Шарапова»	\N	\N	\N	\N
399	ЗАО «Жукова-Захаров»	\N	\N	\N	\N
400	ИП «Михайлов Красильников»	\N	\N	\N	\N
401	ИП «Савельева, Туров и Копылова»	\N	\N	\N	\N
402	Пахомова Лимитед	\N	\N	\N	\N
403	ЗАО «Казакова Лыткин»	\N	\N	\N	\N
404	Боброва Групп	\N	\N	\N	\N
405	Терентьева Инкорпорэйтед	\N	\N	\N	\N
406	АО «Павлова Беляев»	\N	\N	\N	\N
407	ООО «Тарасова Орехова»	\N	\N	\N	\N
408	ООО «Калашников, Молчанов и Кириллова»	\N	\N	\N	\N
409	ОАО «Григорьев-Орлов»	\N	\N	\N	\N
410	РАО «Русакова»	\N	\N	\N	\N
411	Русакова Инкорпорэйтед	\N	\N	\N	\N
412	ООО «Белоусова, Логинова и Емельянов»	\N	\N	\N	\N
413	Большакова Лимитед	\N	\N	\N	\N
414	НПО «Елисеева, Трофимова и Воронов»	\N	\N	\N	\N
415	ООО «Пахомова-Максимов»	\N	\N	\N	\N
416	ООО «Федоров-Смирнов»	\N	\N	\N	\N
417	НПО «Меркушев»	\N	\N	\N	\N
418	ОАО «Ильин»	\N	\N	\N	\N
419	РАО «Сысоев-Терентьева»	\N	\N	\N	\N
420	ИП «Копылова, Гришина и Алексеев»	\N	\N	\N	\N
421	ЗАО «Ильин»	\N	\N	\N	\N
422	НПО «Волкова, Симонова и Власов»	\N	\N	\N	\N
423	Сладковско-Заречное	\N	\N	\N	\N
424	ООО «Карпов»	\N	\N	\N	\N
425	АО «Зуева-Евсеева»	\N	\N	\N	\N
426	Казаньоргсинтез	\N	\N	\N	\N
427	ЗАО «Харитонов»	\N	\N	\N	\N
428	ОАО «Анисимова, Филиппова и Ситникова»	\N	\N	\N	\N
429	Московская инженерно-строительная компания	\N	\N	\N	\N
430	РАО «Шестакова, Полякова и Захаров»	\N	\N	\N	\N
431	ООО «Фокин, Гришина и Савельева»	\N	\N	\N	\N
432	ООО «Доронина Ситников»	\N	\N	\N	\N
433	Фадеева Лтд	\N	\N	\N	\N
434	Комиссарова и партнеры	\N	\N	\N	\N
435	Котова Лимитед	\N	\N	\N	\N
436	Андреев Групп	\N	\N	\N	\N
437	НПО «Гуляева»	\N	\N	\N	\N
438	АО «Яковлев»	\N	\N	\N	\N
439	ООО «Турова-Меркушева»	\N	\N	\N	\N
440	ОАО «Щукин-Сергеев»	\N	\N	\N	\N
441	АО «Орлов-Лаврентьева»	\N	\N	\N	\N
442	Прохоров Инк	\N	\N	\N	\N
443	ОАО «Зиновьева-Белозеров»	\N	\N	\N	\N
444	АвтоВАЗ	\N	\N	\N	\N
445	ОАО «Журавлев»	\N	\N	\N	\N
446	Дмитриева Лтд	\N	\N	\N	\N
447	Нефтетранссервис	\N	\N	\N	\N
448	Самойлов Инк	\N	\N	\N	\N
449	ЗАО «Павлов Симонова»	\N	\N	\N	\N
450	АО «Никонова»	\N	\N	\N	\N
451	ООО «Макарова Агафонов»	\N	\N	\N	\N
452	Попов и партнеры	\N	\N	\N	\N
453	РАО «Миронов, Савин и Пономарев»	\N	\N	\N	\N
454	ИП «Панова-Елисеева»	\N	\N	\N	\N
455	ИП «Терентьев-Белозерова»	\N	\N	\N	\N
456	АО «Красильникова Нестеров»	\N	\N	\N	\N
457	ОАО «Сысоева, Белозеров и Аксенов»	\N	\N	\N	\N
458	РАО «Казакова-Устинова»	\N	\N	\N	\N
459	ИКЕА Дом (INGKA)	\N	\N	\N	\N
460	ЗАО «Никифоров Молчанов»	\N	\N	\N	\N
461	Краснодарзернопродукт-Экспо	\N	\N	\N	\N
462	ЗАО «Лаврентьева, Козлов и Данилова»	\N	\N	\N	\N
463	Чернов Инкорпорэйтед	\N	\N	\N	\N
464	ООО «Карпов, Зимин и Дементьев»	\N	\N	\N	\N
465	ИП «Ларионова Жукова»	\N	\N	\N	\N
466	Авдеева Инк	\N	\N	\N	\N
467	ЗАО «Николаева-Кулакова»	\N	\N	\N	\N
468	АО «Зайцева-Лаврентьев»	\N	\N	\N	\N
469	ЗАО «Мамонтова-Ершов»	\N	\N	\N	\N
470	Панфилова Лимитед	\N	\N	\N	\N
471	ИП «Ефимова-Гуляев»	\N	\N	\N	\N
472	ЗАО «Сергеева, Лебедева и Ершова»	\N	\N	\N	\N
473	НПО «Сысоев, Харитонова и Кононова»	\N	\N	\N	\N
474	РАО «Лихачева, Власова и Евсеева»	\N	\N	\N	\N
475	Кока-Кола Эйчбиси Евразия (Coca-Cola)	\N	\N	\N	\N
476	РАО «Кулагин, Смирнов и Суворова»	\N	\N	\N	\N
477	АХ Степь	\N	\N	\N	\N
478	ЗАО «Александрова, Горбачев и Фокина»	\N	\N	\N	\N
479	РАО «Сазонов Колобов»	\N	\N	\N	\N
480	АО «Кириллов-Павлова»	\N	\N	\N	\N
481	Турова Лтд	\N	\N	\N	\N
482	НПО «Павлова Русакова»	\N	\N	\N	\N
483	ОАО «Исакова-Захаров»	\N	\N	\N	\N
484	АО «Логинов, Зайцева и Моисеев»	\N	\N	\N	\N
485	ИП «Прохоров, Макарова и Сорокин»	\N	\N	\N	\N
486	ИП «Борисова, Юдин и Игнатьева»	\N	\N	\N	\N
487	Объединенные кондитеры	\N	\N	\N	\N
488	ИП «Уваров-Юдина»	\N	\N	\N	\N
489	ОАО «Гришин»	\N	\N	\N	\N
490	ЗАО «Лукина Пестов»	\N	\N	\N	\N
491	ФГ Будущее	\N	\N	\N	\N
492	Торговая сеть Красное и Белое	\N	\N	\N	\N
493	ЗАО «Дорофеева»	\N	\N	\N	\N
494	Исаев и партнеры	\N	\N	\N	\N
495	РАО «Авдеева, Исаев и Васильева»	\N	\N	\N	\N
496	ЗАО «Рябов Матвеева»	\N	\N	\N	\N
497	Мишлен (Michelin)	\N	\N	\N	\N
498	РАО «Красильников»	\N	\N	\N	\N
499	АО «Мамонтов-Фомин»	\N	\N	\N	\N
500	ИП «Пестов, Кулакова и Дмитриева»	\N	\N	\N	\N
501	ООО «Андреев-Рыбаков»	\N	\N	\N	\N
502	НПО «Белозерова»	\N	\N	\N	\N
503	ОАО «Шарапов-Фокина»	\N	\N	\N	\N
504	ОАО «Жукова-Шаров»	\N	\N	\N	\N
505	Самойлова Лтд	\N	\N	\N	\N
506	РАО «Федотов, Колесникова и Чернова»	\N	\N	\N	\N
507	ЗАО «Агафонов»	\N	\N	\N	\N
508	АСЦ-Холдинг	\N	\N	\N	\N
509	Кулагин Инк	\N	\N	\N	\N
510	ОАО «Ситникова, Муравьев и Овчинникова»	\N	\N	\N	\N
511	ОАО «Крюков Захарова»	\N	\N	\N	\N
512	Кабанов Инк	\N	\N	\N	\N
513	ОАО «Ковалев»	\N	\N	\N	\N
514	ОАО «Карпова Горбунов»	\N	\N	\N	\N
515	Большакова и партнеры	\N	\N	\N	\N
516	Ростелеком	\N	\N	\N	\N
517	РАО «Веселов»	\N	\N	\N	\N
518	НПО «Соловьева-Одинцова»	\N	\N	\N	\N
519	Сергеев Лтд	\N	\N	\N	\N
520	ИП «Григорьева-Никонова»	\N	\N	\N	\N
521	ОАО «Лихачева-Гусева»	\N	\N	\N	\N
522	НПО «Уварова»	\N	\N	\N	\N
523	АО «Павлов Зуев»	\N	\N	\N	\N
524	ФосАгро	\N	\N	\N	\N
525	АО «Данилова-Веселова»	\N	\N	\N	\N
526	ИП «Сазонов»	\N	\N	\N	\N
527	ИП «Владимирова Иванова»	\N	\N	\N	\N
528	ЭР-Телеком Холдинг	\N	\N	\N	\N
529	ЗАО «Владимиров, Моисеев и Хохлова»	\N	\N	\N	\N
530	ООО «Логинова-Сидоров»	\N	\N	\N	\N
531	Ново-Уренгойская газовая компания	\N	\N	\N	\N
532	ЗАО «Симонова, Громов и Калашникова»	\N	\N	\N	\N
533	ОАО «Горшкова Ковалев»	\N	\N	\N	\N
534	ООО «Волков»	\N	\N	\N	\N
535	ИП «Уваров, Орехов и Кузнецова»	\N	\N	\N	\N
536	ЗАО «Коновалов»	\N	\N	\N	\N
537	Федорова Инк	\N	\N	\N	\N
538	РАО «Емельянов»	\N	\N	\N	\N
539	НПО «Щукин Михеева»	\N	\N	\N	\N
540	АО «Воронцов»	\N	\N	\N	\N
541	ИП «Гаврилова, Аксенов и Харитонова»	\N	\N	\N	\N
542	НПО «Пахомова-Федотова»	\N	\N	\N	\N
543	Гуляев и партнеры	\N	\N	\N	\N
544	АО «Ермакова-Калинина»	\N	\N	\N	\N
545	Николаева Инк	\N	\N	\N	\N
546	ООО «Сергеев-Селезнев»	\N	\N	\N	\N
547	РАО «Дементьева-Гришин»	\N	\N	\N	\N
548	ОАО «Молчанов»	\N	\N	\N	\N
549	НПО «Новикова Гусева»	\N	\N	\N	\N
550	ИП «Белоусова-Исаков»	\N	\N	\N	\N
551	АО «Шарапов Красильников»	\N	\N	\N	\N
552	Railgo	\N	\N	\N	\N
553	РАО «Романова, Шубин и Кондратьева»	\N	\N	\N	\N
554	НПО «Пахомов, Елисеева и Константинов»	\N	\N	\N	\N
555	Пахомов Лтд	\N	\N	\N	\N
556	РАО «Гордеев-Кулагина»	\N	\N	\N	\N
557	ОАО «Сорокина»	\N	\N	\N	\N
558	АО «Тетерин Алексеева»	\N	\N	\N	\N
559	РАО «Зимин-Прохоров»	\N	\N	\N	\N
560	ООО «Никитин, Макаров и Васильева»	\N	\N	\N	\N
561	РАО «Воронцова Жданова»	\N	\N	\N	\N
562	Таркетт Рус (Tarkett)	\N	\N	\N	\N
563	ИП «Уваров, Крюков и Чернова»	\N	\N	\N	\N
564	ООО «Казакова»	\N	\N	\N	\N
565	ОАО «Куликов, Фокин и Емельянов»	\N	\N	\N	\N
566	ЗАО «Ширяева-Блохина»	\N	\N	\N	\N
567	РАО «Гурьева»	\N	\N	\N	\N
568	АО «Куликов-Степанова»	\N	\N	\N	\N
\.


--
-- Data for Name: CharityPhotos; Type: TABLE DATA; Schema: public; Owner: postgres
--

COPY public."CharityPhotos" ("PhotoId", "CharityId", "PhotoBytes", "Description") FROM stdin;
\.


--
-- Data for Name: CharityProjects; Type: TABLE DATA; Schema: public; Owner: postgres
--

COPY public."CharityProjects" ("ProjectId", "Name", "Description", "StartDate", "EndDate", "CharityId") FROM stdin;
1	Project 1	Description 1	2024-05-05 20:28:40.785475+05	2024-05-12 20:28:40.785516+05	1
2	asdadadd		2024-05-06 18:30:48.171+05	2100-12-12 05:00:00+05	2
3	привет	фвфвцвауфм	2024-05-07 05:00:00+05	2100-12-12 05:00:00+05	2
4	Помощь в образовании	Набор потом торговля табак аллея устройство торговля. Наслаждение спешить вообще магазин. Торговля горький медицина перебивать наслаждение. Какой сверкающий рот.	2024-06-06 21:22:18+05	2025-12-02 17:59:42+05	374
5	Помощь для животных	Монета полюбить устройство очко. Вздрогнуть зима вперед вскакивать монета очко указанный. Умолять сынок порода точно избегать рабочий. Правление порт палата художественный армейский.	2023-05-17 10:29:00+05	2025-05-10 14:39:58+05	375
6	Поддержка в спорте	Район актриса банк. Подробность пасть порог наступать.	2025-01-24 00:02:41+05	2026-02-20 01:23:53+05	376
7	Помощь для нуждающихся	Вариант оборот прежде кузнец костер. Изучить бригада дыхание страсть.\nЕдиный порт салон приходить. Встать бак смертельный непривычный плясать приходить неправда.	2024-04-03 16:15:16+05	2025-06-15 21:07:05+05	377
8	Благотворительность для нуждающихся	Куча экзамен неправда металл спалить социалистический рабочий достоинство.	2024-12-24 01:12:57+05	2025-12-30 03:17:39+05	378
9	Образование в спорте	Привлекать помимо пастух грустный слать коробка прежний. Костер зато намерение.\nВозникновение кольцо рай радость добиться. Виднеться головной правый.	2024-06-09 11:22:07+05	2026-01-15 19:46:02+05	379
10	Надежда в строительстве	Пространство грустный цель миллиард куча сверкающий. Желание мрачно четко бровь подробность вздрогнуть. Ученый аллея сутки мучительно заведение неправда.	2024-11-02 17:57:04+05	2025-08-15 17:25:21+05	380
11	Добро в экологии	Терапия белье голубчик актриса слишком. Теория анализ девка порода очутиться. Запустить да возбуждение зима счастье выразить.	2024-07-13 00:32:05+05	2026-04-10 13:28:25+05	381
12	Помощь для нуждающихся	Табак угодный район ход сустав премьера жестокий. Лиловый горький адвокат присесть слишком спалить.\nВозмутиться команда инвалид художественный. Протягивать ночь триста художественный уронить.	2024-01-08 00:54:43+05	2025-06-15 02:01:56+05	382
13	Образование в науке	Привлекать конференция песня экзамен плясать грустный тревога. Плавно житель парень построить появление решетка.	2024-02-02 07:44:31+05	2026-04-26 21:52:56+05	383
14	Поддержка в медицине	Скользить наслаждение дальний четко валюта.\nРайком соответствие ремень отдел витрина. Результат белье расстегнуть порт горький.	2024-12-03 06:23:46+05	2026-03-25 21:43:05+05	384
15	Развитие в культуре	Ответить собеседник второй пробовать конференция. Основание протягивать советовать поймать космос зеленый тревога увеличиваться.	2023-09-17 17:06:30+05	2025-05-16 22:18:52+05	385
16	Развитие в спорте	Успокоиться о порт июнь экзамен мрачно манера. Хотеть падать бригада умолять голубчик магазин.\nПолностью бак дорогой вообще. Слишком юный налево перебивать.	2023-08-03 16:16:46+05	2025-05-16 19:50:59+05	386
17	Забота в строительстве	Деньги вообще покинуть зарплата заявление пропасть. Свежий привлекать художественный помимо носок нож. Зима развитый предоставить.	2024-06-22 10:09:48+05	2025-05-08 14:43:19+05	387
18	Любовь в экологии	Коммунизм кузнец пробовать совещание упорно. Приличный выбирать основание сынок сынок приятель выкинуть исполнять.\nСбросить сомнительный означать приличный вариант.	2023-08-01 07:55:11+05	2026-01-28 17:19:13+05	388
19	Развитие в экологии	Пастух выражаться обида реклама славный промолчать. Прощение избегать оставить недостаток. Грудь полюбить чем выражаться.	2023-09-29 02:41:41+05	2025-12-14 19:18:55+05	389
20	Содействие в экологии	Порог аж степь. Школьный остановить ремень палец спешить куча чувство.\nДурацкий штаб волк коммунизм. Призыв кожа бабочка танцевать выраженный сомнительный низкий.	2023-10-09 04:18:30+05	2025-06-01 21:10:41+05	390
21	Поддержка в науке	Избегать видимо неправда промолчать еврейский.\nДостоинство роскошный разуметься правление расстройство забирать зачем. Другой выразить другой.	2024-04-10 03:02:18+05	2026-03-06 23:33:45+05	391
22	Любовь для животных	Выкинуть счастье упорно покинуть оборот роса кузнец. Новый расстегнуть что металл посидеть. Покидать основание неудобно вскакивать расстегнуть июнь поговорить.	2024-04-24 12:51:50+05	2026-02-12 05:49:57+05	392
23	Благотворительность в искусстве	Теория провинция отдел песня падать правый рис. Грудь спасть ныне кольцо чувство. Неожиданный картинка угодный неожиданный бабочка.	2024-05-08 10:35:43+05	2026-02-25 21:33:19+05	393
24	Развитие в экологии	Видимо равнодушный выбирать космос мгновение войти означать. Совет картинка руководитель вообще плавно важный. Число аж угол дремать роскошный плод.	2023-11-16 18:02:29+05	2025-07-16 11:38:04+05	394
25	Социальная помощь в культуре	Совет передо важный издали армейский. Белье уронить скрытый посидеть необычный освобождение народ. Инфекция да иной проход казнь ремень.	2024-11-02 08:05:11+05	2025-06-06 14:48:55+05	395
26	Добро в медицине	Ночь передо сутки опасность сопровождаться покидать. Кидать торговля рис лапа. Валюта печатать жидкий собеседник каюта.\nЧетыре ломать командир спорт ложиться район бегать. Сынок ломать инвалид потом.	2024-08-07 18:20:41+05	2025-10-06 13:56:42+05	396
27	Образование в экологии	Выгнать народ заведение картинка. Изба экзамен эпоха ягода крутой отметить способ.	2024-10-07 15:18:52+05	2026-03-14 23:56:10+05	397
28	Содействие в спорте	Сходить бок отъезд близко. Затянуться уточнить миг художественный.	2023-10-08 04:29:24+05	2026-01-29 07:27:52+05	398
29	Любовь в экологии	Июнь легко выраженный написать светило прошептать. Спорт командир актриса плавно коммунизм вывести разводить. Налоговый слишком разводить освободить головка горький.	2024-04-06 15:10:54+05	2026-03-15 08:14:33+05	399
30	Надежда для животных	Багровый способ манера. Слишком налево даль мелькнуть радость применяться. Банк коммунизм дошлый лапа боец мальчишка прошептать оставить.	2025-02-22 16:03:01+05	2025-12-03 08:53:43+05	400
31	Содействие в науке	Ныне падать руководитель зима. Цвет витрина куча предоставить сходить.\nТочно четыре о. Встать изменение расстегнуть ручей смертельный факультет. Разуметься выдержать четыре.	2023-09-21 23:31:39+05	2025-07-13 00:23:11+05	401
32	Помощь для детей	Покинуть вывести валюта.\nВиднеться тесно ребятишки танцевать отметить. Решетка заведение разуметься коробка.	2024-12-31 05:14:09+05	2026-01-27 20:36:03+05	402
33	Поддержка в медицине	Поколение спешить опасность указанный. Тревога танцевать заплакать бак.	2024-01-19 07:10:01+05	2025-12-13 14:48:50+05	403
34	Развитие в науке	Аж приличный означать построить монета художественный научить.	2024-06-28 06:53:25+05	2025-10-22 22:48:12+05	404
35	Добро в культуре	Выражение освободить крутой спешить.\nКарман металл находить интернет. Слишком табак роса анализ важный скользить мягкий. Блин терапия приятель ручей зеленый прежний мягкий.	2023-08-20 03:35:39+05	2025-10-09 21:31:52+05	405
36	Помощь в культуре	Даль протягивать другой. Спичка падать вскинуть зачем гулять. Палец рота кожа монета редактор около секунда деньги. Мусор за невыносимый разводить.	2023-12-23 08:41:13+05	2026-03-16 21:20:39+05	406
37	Образование в образовании	Коллектив изучить райком горький издали плясать конструкция. Еврейский выдержать находить конференция зачем демократия плясать.	2025-01-23 13:19:02+05	2026-03-30 20:59:05+05	407
38	Любовь для животных	Ответить уничтожение левый мусор избегать чем спалить. Задержать болото коллектив зато желание сбросить успокоиться.\nНеожиданный провал поколение правый левый деньги.	2024-05-05 13:17:14+05	2025-10-05 15:04:16+05	408
39	Надежда в науке	Миллиард голубчик художественный. Юный потрясти житель спичка витрина очередной. Школьный мера пропадать мучительно поздравлять горький.	2024-10-05 18:23:16+05	2026-01-10 07:43:16+05	409
40	Социальная помощь в строительстве	Бабочка школьный кольцо крутой. Жидкий спичка интеллектуальный смертельный сынок термин. Манера дошлый цель неправда провал спасть. Рота сравнение уронить слишком монета.	2025-02-12 21:01:01+05	2026-01-16 15:08:59+05	410
41	Социальная помощь для детей	Космос помолчать поставить каюта вытаскивать. Тута голубчик деловой князь командующий радость дремать.\nКостер пространство солнце остановить.	2023-10-12 11:07:13+05	2026-05-02 04:29:37+05	411
42	Любовь в искусстве	Танцевать заложить командование хлеб применяться. Трубка следовательно умирать бригада. Тысяча видимо да строительство миг.	2024-03-21 07:41:29+05	2026-04-19 19:55:12+05	412
43	Помощь в медицине	Светило эффект спасть редактор наслаждение школьный радость. Бак горький строительство сохранять слишком. Тута вывести холодно интеллектуальный материя разводить приятель.	2023-07-02 10:43:35+05	2026-05-01 12:01:10+05	413
44	Образование в строительстве	Лапа прежний выражение светило. Коробка вообще помимо крыса естественный важный нервно. Солнце ярко наступать выгнать сбросить.	2025-01-31 06:55:22+05	2026-04-06 19:15:07+05	414
45	Любовь в экологии	Выдержать бровь девка хлеб. Песенка аллея смеяться что салон. Картинка факультет дыхание недостаток.	2024-12-08 11:34:45+05	2025-09-02 08:26:13+05	415
46	Развитие в медицине	Природа танцевать следовательно головной мальчишка промолчать пятеро. Сбросить порт социалистический даль.	2024-08-29 19:47:35+05	2026-05-03 12:44:00+05	416
47	Социальная помощь в науке	Вывести господь домашний сынок вперед порядок. Выбирать деловой каюта песенка.	2024-08-30 19:24:20+05	2026-02-01 01:44:51+05	417
48	Содействие для животных	Девка уничтожение намерение возмутиться налево проход расстегнуть войти.	2023-08-28 08:21:05+05	2026-03-05 14:56:51+05	418
49	Социальная помощь в медицине	Палец художественный близко левый задрать. Умолять роскошный секунда налоговый неправда. Заплакать смеяться грудь равнодушный ленинград. Правление дружно падать.	2023-12-04 10:07:28+05	2026-03-06 18:58:21+05	419
50	Развитие в строительстве	Нажать банк совет оставить встать. Сынок голубчик совет потрясти запретить.\nИнтеллектуальный крыса ярко шлем привлекать заявление трясти.	2023-10-16 16:21:05+05	2025-09-26 11:53:27+05	420
51	Любовь в образовании	Поставить кожа тревога вздрагивать прошептать указанный пропадать. Аллея дыхание спорт. Один трубка грустный космос рабочий. Затянуться банда вообще уничтожение миллиард нервно интернет пространство.	2025-02-12 15:17:34+05	2025-06-28 07:20:49+05	421
52	Содействие для детей	Ход прежний четыре шлем неправда выраженный. Страсть пища пропаганда снимать спалить карандаш вперед. Точно господь около находить некоторый.	2024-07-29 13:16:16+05	2025-07-02 21:09:16+05	422
53	Надежда в спорте	Коробка налево предоставить райком видимо призыв. Некоторый конференция настать успокоиться услать. Поздравлять чем достоинство голубчик ответить невыносимый.	2024-06-04 04:42:26+05	2025-10-09 03:24:30+05	423
54	Социальная помощь для животных	Хозяйка пропадать заработать решение. Печатать совещание пространство сынок пол рассуждение лапа. Помолчать мгновение неудобно вскинуть.	2024-04-26 10:16:39+05	2026-01-23 01:52:05+05	424
55	Образование в образовании	Рай присесть пропадать граница дальний функция багровый. Порт мера четко кпсс. Расстегнуть мотоцикл идея.	2024-09-23 13:39:42+05	2025-12-25 09:15:31+05	425
56	Забота для нуждающихся	Научить мелочь лиловый жидкий командир обида. Решение эпоха число цвет металл.\nИсследование хозяйка покидать сбросить горький направо спорт.	2025-03-23 01:48:04+05	2025-11-06 02:51:55+05	426
57	Образование в спорте	Услать научить песенка казнь бак вообще. Мягкий мальчишка вздрогнуть ребятишки банда мелькнуть спорт. Какой другой помимо салон правление торопливый рота. Выкинуть страсть передо порт ход банк.	2023-12-01 08:59:25+05	2025-09-30 20:06:44+05	427
58	Надежда в спорте	Материя термин помимо. Очутиться демократия бригада уточнить за направо. Вздрогнуть народ прежний рассуждение сынок покинуть мотоцикл.	2024-02-18 10:30:30+05	2026-02-19 06:17:05+05	428
59	Благотворительность в образовании	Носок табак армейский засунуть миллиард висеть иной. Столетие изображать природа приятель устройство чувство. Указанный крутой успокоиться. Вариант проход самостоятельно.	2024-06-23 16:05:24+05	2026-01-28 22:10:50+05	429
60	Надежда в образовании	Человечек выраженный низкий господь исследование. Вообще изображать нервно.	2025-01-17 17:18:01+05	2025-12-08 09:06:01+05	430
61	Забота для детей	Близко очередной мотоцикл дыхание ныне печатать. Инфекция отдел вариант.\nПолностью иной ныне. Жидкий точно пол банк очередной степь упорно. Смертельный функция прошептать возникновение.	2024-04-30 19:48:19+05	2025-09-04 18:15:53+05	431
62	Надежда для нуждающихся	Художественный палец граница порог уронить провинция. Рассуждение смелый счастье.	2024-01-25 01:41:13+05	2025-12-24 02:57:15+05	432
63	Содействие в строительстве	Банк изба хлеб секунда конструкция картинка передо. При провал крутой иной.\nДружно протягивать руководитель приходить коллектив.	2024-04-02 03:26:57+05	2025-08-15 16:46:38+05	433
64	Добро в экологии	Витрина выразить металл запеть.\nРазводить боец господь необычный бегать висеть экзамен бегать. Даль важный вчера коммунизм.	2024-02-21 02:59:45+05	2026-03-25 21:18:07+05	434
65	Развитие в науке	Посидеть сравнение покидать ярко. Магазин нож советовать тяжелый намерение вчера картинка. Инвалид горький кидать издали зима.	2024-07-11 03:30:37+05	2025-10-08 11:57:00+05	435
66	Добро в искусстве	Ярко аллея печатать металл. Медицина столетие роса солнце спорт способ.\nДоставать совет отражение мягкий висеть мимо палец. Дорогой столетие мгновение строительство. Заложить страсть столетие.	2024-05-19 13:45:37+05	2025-11-22 06:23:10+05	436
67	Социальная помощь в образовании	Естественный магазин невыносимый вряд. Покидать школьный ягода уронить. Карман подземный какой привлекать.	2025-04-06 11:22:02+05	2025-08-26 12:44:59+05	437
68	Благотворительность в экологии	Миф собеседник выдержать народ деньги. Слать ответить мера волк райком функция.\nСолнце плод сравнение очко развернуться выкинуть потрясти. Приятель горький мгновение запеть ручей.	2025-05-04 21:36:28+05	2025-05-12 22:39:29+05	438
69	Помощь для животных	Металл приятель реклама пересечь отметить угроза изредка. Необычный отъезд миф поздравлять ломать дьявол дрогнуть. Выраженный полюбить бегать прежний растеряться указанный сынок.	2024-04-10 04:42:44+05	2026-03-14 14:27:10+05	439
70	Помощь в культуре	Возможно снимать растеряться.\nПостоянный спорт что. Аж пропасть смертельный художественный аллея бровь. Неожиданно через бак угроза мрачно вздрагивать.	2023-05-15 08:42:41+05	2025-09-05 01:32:26+05	440
71	Надежда для детей	Приятель угодный единый радость витрина. Левый угроза тусклый мрачно палец видимо монета встать. Бегать мучительно художественный желание.	2023-12-02 19:26:23+05	2025-05-24 06:15:30+05	441
72	Социальная помощь в науке	Дьявол совещание наступать. Тревога мальчишка постоянный командир прежний спичка сомнительный.	2023-05-24 14:40:39+05	2025-06-02 13:14:10+05	442
73	Добро в экологии	Мелочь решение неправда господь угроза. Песня изменение смеяться. Сопровождаться привлекать близко слать.\nЗаведение кузнец войти горький поговорить ученый. Зачем пастух лиловый миф.	2023-10-30 08:38:48+05	2026-04-01 00:03:39+05	443
74	Любовь для животных	Слишком бок неправда житель песенка выразить уронить. За тревога вытаскивать бригада. Низкий невозможно ставить.\nДьявол совещание выразить похороны функция цель. Прелесть пища спорт багровый.	2025-05-03 09:42:06+05	2025-10-18 12:21:04+05	444
75	Развитие для нуждающихся	Да вздрогнуть исследование научить дрогнуть низкий. Неправда тесно сынок прошептать лететь назначить. Мусор основание ведь рот помимо еврейский.	2024-02-14 03:01:50+05	2025-10-11 00:02:17+05	445
76	Любовь для животных	Потом заявление потрясти низкий падаль. Падаль направо вытаскивать терапия собеседник помолчать висеть. Легко прелесть дрогнуть тысяча около заявление выразить предоставить.	2025-02-18 04:54:45+05	2025-12-16 03:05:45+05	446
77	Помощь в строительстве	Рота коричневый советовать пропаганда другой прощение мягкий. Засунуть эффект привлекать. Виднеться отъезд порог наступать около вариант очко. Спасть картинка космос набор сходить.	2024-05-12 16:44:39+05	2025-06-18 13:55:30+05	447
78	Надежда в науке	Отдел непривычный бегать неправда. Рота металл соответствие банда мрачно.	2023-07-25 01:57:47+05	2026-03-28 23:41:18+05	448
79	Содействие в экологии	Район появление носок разнообразный премьера угроза. Направо виднеться левый разуметься. Экзамен уничтожение встать задрать волк заведение.	2024-04-08 19:42:14+05	2025-10-05 07:09:29+05	449
80	Забота в культуре	Торговля отъезд следовательно кузнец плавно заплакать тревога. Хозяйка виднеться табак сравнение следовательно висеть июнь. Девка заработать тута засунуть засунуть руководитель.	2025-01-19 15:07:26+05	2025-09-13 06:09:12+05	450
81	Добро в медицине	Горький прошептать командование степь вывести деньги да. Изучить прежде плясать казнь. Ныне уничтожение полностью висеть сохранять очутиться.	2024-05-18 01:49:34+05	2026-02-24 21:36:08+05	451
82	Любовь в культуре	Бровь полностью остановить пространство проход юный табак. Триста выкинуть посидеть сомнительный непривычный.	2024-10-28 16:38:28+05	2025-11-08 22:37:59+05	452
83	Образование для животных	Иной недостаток роскошный проход уничтожение хотеть упор. Забирать ныне написать посвятить выразить. Тревога место нервно болото при дошлый.	2025-02-25 12:00:21+05	2025-09-25 03:22:47+05	453
84	Социальная помощь в науке	Нож встать посвятить лапа присесть карман. Возникновение при присесть эффект космос.\nКарандаш адвокат терапия зима о мучительно. Упор оборот бочок иной.	2025-04-15 15:06:57+05	2025-11-17 20:40:52+05	454
85	Благотворительность для нуждающихся	Команда ломать вариант означать армейский указанный применяться. Пропасть неожиданный результат интернет монета мимо засунуть.	2023-09-21 16:53:41+05	2026-04-24 05:46:06+05	455
86	Развитие для нуждающихся	Июнь естественный строительство слишком. Подробность тесно конструкция коллектив левый полевой металл отъезд. Налево горький покидать хотеть встать демократия место.	2024-03-11 07:34:55+05	2025-12-06 14:41:00+05	456
87	Помощь для животных	Аж шлем мера эпоха тревога потрясти. Возбуждение слать потянуться выражение возможно народ. Реклама вариант куча жить возмутиться конструкция палец.	2023-08-18 08:48:43+05	2025-07-02 18:45:09+05	457
88	Содействие в культуре	Назначить передо настать тревога. Встать сбросить понятный встать головка. Помолчать райком слишком порядок хлеб дурацкий тревога.	2023-09-12 20:33:10+05	2025-07-12 07:12:47+05	458
89	Поддержка в медицине	Неожиданный боец лапа правление.\nПриходить лететь боец терапия. Кузнец прежний господь спалить головной. Означать совещание бак даль. Выраженный вариант аж передо.\nМягкий июнь правый носок выгнать.	2023-09-27 13:03:49+05	2025-10-13 14:32:38+05	459
90	Социальная помощь в строительстве	Изредка мелочь разводить сохранять счастье палец выражаться. Пропаганда присесть падаль естественный рис освобождение. Школьный болото очередной табак угроза смеяться зато.	2024-11-20 06:33:00+05	2026-03-04 18:13:21+05	460
91	Благотворительность для детей	Пол присесть наслаждение даль висеть. Актриса решетка вперед еврейский заработать интеллектуальный вскакивать. Висеть рис зеленый совещание инвалид мальчишка.	2024-06-26 08:38:03+05	2025-07-27 14:21:01+05	461
92	Помощь для детей	Радость кузнец естественный степь более конференция изредка. Зеленый ботинок еврейский засунуть.\nЗа ведь трубка славный теория актриса помолчать.	2023-06-14 12:23:46+05	2026-04-04 12:18:04+05	462
93	Любовь в культуре	Выдержать демократия цвет освобождение лапа зима. Присесть район нож сутки. Вывести пастух мучительно поговорить вперед. Смелый мелочь зато угодный перебивать грудь написать.	2024-04-19 17:20:22+05	2026-01-31 04:48:56+05	447
94	Социальная помощь в науке	Промолчать порог крутой банк наткнуться. Пропадать привлекать совет пятеро зачем число. Палка жить да лиловый прежде юный.	2024-10-12 13:50:42+05	2025-06-14 02:47:15+05	463
95	Содействие в культуре	Свежий тяжелый исполнять. Заплакать рай развернуться приличный невыносимый экзамен.	2025-04-20 06:12:27+05	2025-09-29 05:51:12+05	464
96	Содействие в образовании	Вздрогнуть мальчишка счастье песня угол природа заложить. Точно академик что господь достоинство.	2023-06-27 02:37:09+05	2025-07-19 18:31:36+05	465
97	Забота в экологии	Художественный труп коллектив житель равнодушный изба недостаток. Триста опасность палка расстройство результат. Зачем перебивать освободить медицина доставать строительство.	2024-05-27 01:38:34+05	2026-01-20 19:03:55+05	466
98	Надежда для животных	Неудобно основание висеть цель падаль песенка лететь устройство. Горький головка житель.\nПорт основание возмутиться табак. Грустный запеть налево очко научить.	2023-09-25 15:15:59+05	2025-08-20 23:52:53+05	467
99	Забота в медицине	Правый необычный человечек место умолять. Отдел природа актриса природа вчера рот невозможно. Хлеб волк роса пасть металл цепочка.\nОбида командование торопливый.	2025-02-19 20:16:23+05	2026-01-31 06:31:29+05	468
100	Образование в строительстве	Коммунизм природа услать сверкающий. Изредка серьезный видимо слишком прошептать ремень мрачно.\nСерьезный набор ученый. Фонарик сустав затянуться вытаскивать возникновение художественный.	2024-03-31 09:52:12+05	2025-10-10 14:33:11+05	469
101	Помощь в искусстве	Художественный тута палата голубчик. Какой слишком дружно белье изба.	2023-11-17 17:28:35+05	2025-06-05 05:23:55+05	470
102	Содействие для животных	Монета означать уточнить издали витрина. Неожиданно жидкий печатать еврейский.\nПалка важный полоска встать грустный деловой. Военный коммунизм инфекция сутки жестокий экзамен доставать эффект.	2024-03-16 06:02:04+05	2026-04-06 18:19:02+05	471
103	Образование в науке	Мера монета предоставить рай потянуться триста привлекать деловой. Тревога командующий полоска тусклый важный. Поймать изменение монета.	2024-02-04 20:23:38+05	2025-12-06 06:26:32+05	418
104	Надежда для животных	Отметить карман дружно приличный сутки темнеть поставить. Штаб уронить висеть полоска угроза снимать.	2023-10-10 03:32:06+05	2025-07-07 23:50:37+05	472
105	Добро для детей	Второй потом упор строительство встать. Призыв прежний пятеро палец смеяться задержать. Неудобно ход деньги. Угодный совещание устройство потом блин лиловый бок.	2024-07-27 02:04:41+05	2026-02-19 15:56:41+05	473
106	Надежда в медицине	Около что мгновение подземный нож еврейский. Пересечь встать инструкция рассуждение наступать правильный трясти.	2024-12-11 14:40:24+05	2025-09-18 09:58:56+05	474
107	Надежда в медицине	Висеть поздравлять сустав видимо жидкий аж. Полностью ягода засунуть степь. Необычный опасность редактор аж изучить решетка неправда.	2024-10-18 12:03:46+05	2025-07-30 10:28:04+05	475
108	Любовь в экологии	Юный виднеться горький казнь космос соответствие. Боец коробка солнце. Сверкать дошлый около.	2024-04-20 05:48:28+05	2025-08-10 21:32:02+05	476
109	Социальная помощь в науке	Ложиться упор освобождение полностью место. Проход висеть приличный снимать. Штаб команда необычный госпожа команда точно.	2024-09-25 00:53:32+05	2025-06-27 02:26:19+05	477
110	Любовь в строительстве	Манера кольцо госпожа. Приятель картинка еврейский появление спорт. Столетие советовать исполнять затянуться дошлый магазин.	2025-02-13 06:58:52+05	2025-12-21 13:12:26+05	478
111	Образование в культуре	Вообще естественный неожиданный поколение исследование.\nМелочь разуметься ученый.	2025-04-06 03:35:50+05	2025-11-29 10:00:00+05	479
112	Забота в медицине	Карандаш боец встать. Механический поезд дорогой расстройство. Самостоятельно невыносимый порт шлем правление покидать конструкция. Неудобно при выражение пол хозяйка факультет интернет.	2023-12-18 15:39:18+05	2025-07-02 23:53:52+05	480
113	Поддержка для животных	Плавно сохранять возмутиться шлем белье мелочь металл. Остановить сверкать миф голубчик господь снимать.	2023-06-26 10:18:36+05	2025-05-11 01:30:23+05	481
114	Содействие для животных	Чем близко инфекция солнце радость ребятишки командование. Полюбить поставить рота лететь пламя. Металл умолять оборот.\nОзначать каюта развитый. Присесть тысяча кожа заплакать дрогнуть дремать.	2024-08-06 04:10:48+05	2025-08-16 12:57:00+05	482
115	Надежда в медицине	Пропадать секунда заработать постоянный что господь. Мера заработать настать мрачно. Выражаться степь бабочка сынок сбросить народ темнеть хозяйка.	2023-08-04 16:37:18+05	2026-01-30 04:11:53+05	483
116	Надежда в культуре	Функция опасность проход. Задрать один бровь сустав находить материя табак. Триста командующий грудь.	2024-06-23 05:59:11+05	2025-08-03 23:21:54+05	484
117	Поддержка в образовании	Через приятель сравнение назначить сынок. Дошлый потрясти секунда ребятишки.	2024-04-09 15:45:52+05	2026-05-02 20:42:53+05	485
118	Социальная помощь в медицине	Встать дрогнуть отметить горький. Актриса собеседник выражаться смертельный отъезд успокоиться.\nСалон труп да господь передо прелесть. Трясти жестокий изба болото дремать.	2023-05-30 01:13:48+05	2026-02-11 19:31:03+05	486
119	Поддержка в медицине	Вообще горький медицина господь. Налоговый ведь инфекция какой ботинок полоска мимо. Встать полевой вряд вздрагивать доставать.	2024-05-17 17:58:14+05	2026-02-26 23:16:24+05	487
120	Образование в науке	Наслаждение редактор цель. Еврейский плод пропадать прощение. Цель лететь функция присесть.	2025-03-31 14:19:15+05	2026-03-21 19:32:40+05	488
121	Содействие в образовании	Остановить сбросить некоторый поговорить нож процесс спалить. Привлекать смеяться грудь пропаганда. Столетие прощение житель болото.	2024-08-15 16:27:52+05	2026-03-19 19:30:16+05	489
122	Забота в экологии	Построить грустный тесно скрытый пространство. Отражение кидать направо монета тяжелый близко.\nМера мягкий освобождение дремать карман темнеть. Юный понятный потом четыре кузнец.	2025-03-05 00:20:12+05	2025-10-28 12:08:58+05	490
123	Любовь в науке	Секунда падаль возможно ручей самостоятельно левый табак. Зачем перебивать поколение ботинок. Засунуть построить непривычный более парень вытаскивать.	2024-04-25 18:38:19+05	2026-04-19 21:21:34+05	491
124	Содействие для нуждающихся	Валюта советовать банда налево пространство запеть костер. Иной факультет вариант гулять добиться приятель космос.\nПроход через чувство ход. Медицина угодный исполнять песня наступать сходить нажать.	2024-08-10 02:28:12+05	2026-03-25 04:08:19+05	492
125	Любовь в медицине	Миг тута рота девка снимать медицина. Пропасть дремать научить.\nВыбирать дурацкий ленинград освобождение возмутиться сынок расстройство. Непривычный смертельный бак через при пропаганда.	2023-11-15 15:42:42+05	2026-04-02 18:02:56+05	493
126	Помощь в экологии	Пространство поезд один спичка запустить заложить расстройство беспомощный. Один запретить коммунизм да невозможно адвокат витрина потрясти.\nВыражаться металл прощение порог ручей.	2024-06-10 05:51:23+05	2026-04-06 21:57:18+05	494
127	Социальная помощь в строительстве	Господь актриса бабочка уронить триста призыв поезд. Запеть механический пропаганда нажать сустав налоговый.	2024-03-05 20:29:27+05	2025-11-04 13:27:07+05	495
128	Социальная помощь в культуре	Вздрогнуть подробность услать вариант подробность ставить. Скользить заработать расстройство факультет изба четко сустав. Четко анализ адвокат.	2024-10-17 07:25:18+05	2025-10-22 19:45:36+05	496
129	Образование в искусстве	Зато потрясти премьера ребятишки провинция чем. Демократия функция пересечь а покидать космос угроза.\nОстановить результат непривычный. Функция прежний страсть спичка.	2024-10-07 07:20:40+05	2025-12-02 13:02:26+05	497
130	Образование для животных	Горький добиться выраженный совещание мусор. Жить уничтожение зима помимо аллея. Командир угол посвятить пасть.	2023-06-16 01:14:34+05	2025-05-15 22:28:11+05	498
131	Поддержка в культуре	Темнеть анализ голубчик. Бровь разуметься князь костер плавно прежде. Теория нож вскинуть вскакивать отметить скользить коллектив.	2024-06-19 12:11:47+05	2025-10-28 09:38:12+05	499
132	Развитие в искусстве	Сомнительный ребятишки карман непривычный. Порт кожа космос монета медицина.\nАллея вывести еврейский мягкий вскинуть некоторый сбросить деловой.	2024-11-05 08:18:10+05	2026-02-13 10:07:54+05	500
133	Любовь в искусстве	Господь сверкающий человечек аллея. Поколение падаль смелый сверкать зеленый.\nЮный перебивать вчера наступать секунда. Видимо пища холодно изменение помолчать ученый.	2025-01-21 12:22:05+05	2025-06-29 02:08:43+05	501
134	Любовь в образовании	Вытаскивать полевой освободить вывести. Покинуть пасть нажать прелесть.\nКомандующий металл дружно уточнить пол сынок возникновение вывести. Провал полюбить монета спасть господь мучительно присесть.	2024-10-08 10:07:32+05	2025-06-01 11:20:10+05	502
135	Социальная помощь в образовании	Наступать вздрогнуть конструкция указанный. Крутой бровь термин тусклый некоторый встать растеряться промолчать.	2024-01-26 00:31:57+05	2025-08-07 15:28:29+05	503
136	Забота в образовании	Факультет еврейский рай издали триста сравнение заложить.\nИдея пересечь потрясти тусклый порог применяться правильный. Присесть трубка песенка кпсс роса дружно.	2025-04-27 03:59:15+05	2025-12-31 22:35:01+05	504
137	Любовь в искусстве	Беспомощный тусклый вывести очутиться остановить сбросить голубчик.	2023-05-24 08:18:32+05	2026-04-18 14:38:58+05	505
138	Надежда в медицине	Основание четыре запустить картинка привлекать космос изображать наступать. Устройство мучительно триста. Оборот парень пастух угол рай болото.	2023-10-06 11:01:25+05	2025-12-29 09:13:15+05	506
139	Развитие в науке	Кпсс инструкция сохранять анализ упорно пропасть. Угол протягивать труп житель грудь ведь домашний провинция.\nОдин пол порода разуметься. Обида головка витрина увеличиваться.	2024-07-10 11:34:44+05	2025-11-19 04:45:07+05	507
140	Благотворительность в образовании	Гулять народ сравнение конструкция казнь эпоха вывести невыносимый. Радость теория выбирать упор поколение каюта успокоиться.	2025-05-06 18:50:10+05	2025-08-09 11:17:01+05	508
141	Содействие в медицине	Деньги что сынок висеть район валюта. Приятель запретить миллиард покидать слать поздравлять.\nНеожиданный рота следовательно возникновение. Ответить отдел возбуждение способ.	2024-04-23 15:31:44+05	2026-04-15 00:02:49+05	509
142	Любовь в спорте	Ягода полностью проход вчера. Забирать функция картинка товар добиться отметить. Заложить о покидать очутиться пастух наслаждение вообще. Упорно конструкция неожиданный.	2024-06-28 20:33:20+05	2026-03-01 06:47:51+05	510
143	Любовь для животных	Эффект багровый полностью. Дремать мучительно перебивать коробка армейский. Пол ручей бочок порода.	2023-10-21 02:48:06+05	2026-03-01 20:57:46+05	511
144	Любовь в экологии	Угодный покинуть еврейский степь прощение солнце плод. При дрогнуть плод ребятишки народ пламя заложить. Призыв отражение палка адвокат сутки картинка за.	2025-04-24 20:19:23+05	2025-10-30 20:52:13+05	512
145	Добро для детей	Роскошный ручей неожиданно желание появление. Совет направо непривычный житель монета забирать. Витрина жестокий возмутиться теория райком. Заплакать выгнать беспомощный необычный ставить неожиданно.	2023-08-11 14:16:13+05	2025-08-07 23:05:21+05	513
146	Надежда в искусстве	Социалистический умирать сохранять разуметься школьный пропаганда изменение выраженный. Виднеться второй некоторый а.	2024-05-27 04:49:25+05	2025-11-14 09:28:55+05	514
147	Помощь в науке	Жидкий совет левый житель. Выбирать хотеть неожиданно конференция эффект коробка.	2023-12-21 09:42:38+05	2025-06-30 05:00:26+05	515
148	Добро в экологии	Казнь кузнец иной написать. Дыхание падаль проход темнеть провинция.\nЦель бок выбирать соответствие радость. Художественный передо серьезный изба роса поговорить.	2024-03-05 00:53:29+05	2025-10-07 07:48:44+05	516
149	Развитие в образовании	Парень а конструкция бок хлеб художественный исполнять. Дурацкий иной возбуждение зеленый услать.	2025-02-21 11:26:14+05	2026-03-06 03:06:22+05	517
150	Забота в строительстве	Монета плод художественный бетонный холодно вздрагивать. Мотоцикл аж написать пространство пропадать деньги банк цель. Товар конструкция район тесно человечек при место строительство.	2023-07-03 15:50:24+05	2025-05-12 20:37:18+05	518
151	Содействие в образовании	Палка упор носок анализ одиннадцать. Поздравлять радость грудь.\nРазводить палка вскакивать выраженный число. Грустный вскинуть горький медицина функция порода. Казнь о ремень пересечь металл умолять.	2024-12-23 11:00:29+05	2025-06-27 23:27:58+05	519
152	Добро в экологии	Избегать пробовать грудь предоставить экзамен а. Возмутиться ломать монета бровь провинция войти упорно ручей. Хлеб светило порт пятеро приятель опасность. Блин интеллектуальный умолять труп.	2024-06-04 01:23:02+05	2025-06-18 23:59:46+05	520
153	Развитие в строительстве	Цель горький покидать возмутиться факультет пасть художественный. Степь разуметься медицина спасть запеть торговля штаб.	2024-07-31 15:25:38+05	2025-07-15 09:39:50+05	521
154	Поддержка для детей	Сустав госпожа расстегнуть понятный изменение дальний салон.	2024-10-09 09:15:54+05	2025-07-31 03:43:38+05	522
155	Помощь в экологии	Предоставить освободить народ песенка витрина райком. Обида нажать механический мучительно плясать приличный. Серьезный парень прежде соответствие ставить.	2024-12-11 23:10:02+05	2025-09-26 20:17:11+05	523
156	Добро в образовании	Неправда чувство указанный запустить секунда сверкать казнь очередной. Настать банда командующий фонарик гулять роскошный дружно. Место исполнять редактор бетонный ребятишки разводить плясать лететь.	2023-08-02 14:53:25+05	2026-04-26 14:04:20+05	487
157	Любовь для детей	Карман зато изба невыносимый инструкция изредка. Пастух миг ход юный. Аж мягкий построить командование тысяча.	2025-04-10 05:37:21+05	2025-07-22 01:02:15+05	524
158	Развитие для нуждающихся	Добиться нервно построить художественный приходить войти.	2024-12-01 13:13:32+05	2025-10-29 22:15:04+05	525
159	Содействие в культуре	Мгновение лететь прежний основание дальний. Витрина вытаскивать палка рассуждение иной.\nСнимать неправда господь достоинство темнеть. Инфекция один четко школьный кузнец пятеро.	2023-06-10 10:30:32+05	2025-12-30 23:48:20+05	526
160	Добро в науке	Вздрагивать настать смертельный лиловый успокоиться покинуть пропаганда. Наступать славный плясать запретить выраженный.	2024-03-05 01:56:17+05	2025-11-24 02:00:58+05	527
161	Развитие в строительстве	Какой выраженный порода степь триста аллея. Означать ремень счастье космос умолять. Какой разуметься более медицина рассуждение протягивать.	2024-02-10 16:19:02+05	2025-09-18 11:31:44+05	528
162	Помощь в искусстве	Поговорить девка поздравлять поезд. Возможно мелочь выражаться банк пропаганда ночь полностью порядок. Полевой недостаток бак что сверкающий.	2023-11-14 17:47:08+05	2026-04-19 17:01:18+05	529
163	Благотворительность для нуждающихся	Роса лететь мучительно жить. Сынок ставить поздравлять новый крыса точно. Отражение хотеть голубчик следовательно.	2025-03-25 21:31:34+05	2025-12-06 03:13:25+05	530
164	Социальная помощь для нуждающихся	Вытаскивать рай сверкать изучить заплакать понятный одиннадцать. Реклама да потянуться второй.	2024-05-15 17:30:14+05	2025-08-18 12:53:46+05	531
165	Содействие в науке	Хлеб покидать передо смелый. Лапа цель кузнец сравнение. Ярко единый наткнуться монета соответствие спорт.\nРеклама вскинуть бочок встать бок.	2024-04-30 16:25:58+05	2025-11-10 18:54:45+05	532
166	Надежда в медицине	Прежде собеседник июнь темнеть возмутиться посидеть более. Перебивать направо собеседник. Провинция пропаганда войти скрытый прежний спорт.	2023-07-15 19:01:17+05	2025-08-23 16:52:59+05	533
167	Социальная помощь в медицине	Картинка заявление падать триста единый построить каюта. Голубчик манера ярко расстройство носок. Поколение задержать ягода песня выкинуть деньги.	2024-05-27 16:34:58+05	2025-11-01 13:17:15+05	534
168	Содействие в экологии	Недостаток кидать болото смелый способ. Развитый костер невыносимый сынок.	2024-03-31 00:40:24+05	2025-07-18 23:56:05+05	535
169	Образование в искусстве	Блин юный приятель тяжелый передо оставить. Пропаганда важный ломать прежний секунда поколение витрина.	2024-05-13 20:11:26+05	2025-11-03 17:57:57+05	536
170	Любовь в искусстве	Тревога терапия запеть трубка наткнуться выкинуть холодно. Тута невыносимый еврейский изба пропаганда. Легко совещание валюта наслаждение кузнец пространство.	2024-04-11 22:28:19+05	2026-02-27 06:19:48+05	537
171	Образование в науке	Коллектив карандаш актриса плавно. Возбуждение ныне необычный нож грудь покидать заявление прелесть. Сынок налоговый а роса проход.	2024-03-08 09:30:01+05	2026-03-05 04:52:05+05	538
172	Содействие в спорте	Мелькнуть поколение висеть за. Труп проход предоставить передо.\nТовар невыносимый услать чем направо слишком пол.	2023-05-29 16:43:56+05	2025-09-04 23:34:01+05	539
173	Добро в спорте	Носок князь багровый аж роскошный ставить. Сверкающий граница устройство непривычный бок инфекция.	2025-04-04 22:31:04+05	2025-08-02 05:26:37+05	540
174	Развитие в строительстве	Командование мгновение витрина выбирать ботинок вывести нажать издали. Металл сходить салон песенка четко левый привлекать.	2024-03-31 03:52:26+05	2026-02-22 12:02:11+05	541
175	Социальная помощь для нуждающихся	Успокоиться домашний аллея фонарик крыса белье. Разуметься степь покинуть полевой бегать кузнец лететь перебивать.	2024-04-07 12:40:54+05	2025-11-20 16:11:48+05	542
176	Развитие для животных	Что триста дрогнуть. Труп расстегнуть пространство. Рота запретить мера монета спалить точно оборот. Холодно сверкающий выраженный бабочка идея.	2025-01-21 19:18:16+05	2025-05-12 10:02:03+05	543
177	Помощь в строительстве	Теория при посвятить оборот неправда сынок. Необычный призыв манера забирать.\nГорький художественный присесть. Тусклый эффект школьный художественный ботинок уточнить решетка спешить.	2024-06-20 14:28:23+05	2026-01-22 03:38:40+05	544
178	Благотворительность в строительстве	Сходить вообще выраженный казнь пастух лапа. Материя тута правый потрясти настать.	2024-08-19 14:18:41+05	2025-06-05 17:41:24+05	545
179	Социальная помощь в экологии	Пропаганда еврейский терапия порода сомнительный очередной изображать. Мрачно природа запретить рот сбросить. Инвалид способ исследование что интеллектуальный появление.	2024-04-25 07:15:13+05	2025-10-19 01:40:22+05	546
180	Образование в медицине	Валюта команда наступать боец сохранять.\nАллея наслаждение тесно скрытый близко болото.\nНевозможно ставить банда премьера другой нож. Банк поймать приличный полоска похороны спорт четыре.	2024-05-24 22:07:22+05	2025-08-16 19:19:08+05	547
181	Благотворительность для нуждающихся	Легко расстегнуть аллея миллиард зато деловой появление. Бак зачем поговорить. Адвокат вряд выражаться перебивать засунуть.	2024-06-24 19:40:16+05	2025-12-29 09:30:54+05	548
182	Забота для детей	Ребятишки угроза привлекать. Возникновение вздрогнуть сустав валюта заявление материя передо.\nСверкать витрина сутки уничтожение заведение. Жестокий полностью крыса очутиться а ломать.	2024-12-16 11:19:27+05	2025-08-24 06:34:22+05	549
183	Образование в экологии	Танцевать каюта пересечь бочок виднеться порог. Мера зачем монета падать спасть неожиданный.	2024-02-03 04:15:37+05	2025-11-24 21:20:32+05	550
184	Содействие в культуре	Цель неправда полюбить валюта.\nАкадемик торговля монета манера. Коробка жестокий место приличный сохранять поздравлять серьезный кидать. Идея ныне приятель совет провал.	2023-06-08 17:59:10+05	2025-07-21 16:36:44+05	551
185	Помощь в образовании	Шлем запустить манера вряд необычный разнообразный. Художественный задержать плясать заявление деньги что.	2024-01-11 19:14:23+05	2025-05-20 08:39:46+05	552
186	Добро для детей	Естественный возмутиться карман господь. Способ четко достоинство. Достоинство палка фонарик академик видимо некоторый зарплата. Танцевать спасть сомнительный висеть.	2023-12-08 22:52:19+05	2025-10-17 16:27:41+05	553
187	Содействие в образовании	Руководитель четко развитый белье тревога миф. Наткнуться освобождение солнце иной боец левый избегать песня. Рот зато сынок заложить.	2024-12-28 16:09:53+05	2025-06-01 17:11:28+05	554
188	Содействие в строительстве	Порт рассуждение армейский. Песенка правление подробность казнь манера командующий светило уничтожение. Покинуть космос тусклый дыхание.	2023-10-07 16:18:34+05	2026-04-23 18:28:01+05	555
189	Социальная помощь в образовании	Заплакать анализ зеленый кольцо постоянный. Что банда тусклый князь грустный школьный прелесть. Означать невыносимый разводить пастух более промолчать боец.\nДурацкий мотоцикл видимо.	2023-09-21 06:21:50+05	2026-04-27 05:52:56+05	556
190	Забота для нуждающихся	Новый ребятишки расстройство освободить приходить процесс нажать растеряться. Горький оставить бак ученый. Парень приятель левый решение коммунизм покинуть прелесть.	2025-01-05 09:32:42+05	2025-07-13 10:06:41+05	557
191	Забота в строительстве	Головной эффект прежний витрина юный тюрьма помимо. Мягкий решетка перебивать коричневый. Указанный голубчик беспомощный расстройство полоска. Непривычный анализ развитый.	2025-03-07 23:51:05+05	2026-01-26 13:37:17+05	558
192	Надежда в строительстве	Горький медицина совет слишком исполнять. Торопливый присесть приятель вперед пламя. А набор цвет.	2024-02-28 05:05:11+05	2026-03-31 15:30:05+05	559
193	Поддержка для животных	Возникновение добиться солнце функция оборот. Ботинок падать карман блин. Механический промолчать еврейский армейский.	2024-08-22 17:18:30+05	2026-03-30 07:56:16+05	560
194	Содействие в экологии	Кольцо тусклый серьезный прежде руководитель. Роса подземный рис. Медицина жидкий избегать отдел.	2023-09-05 22:06:26+05	2025-07-19 01:43:26+05	561
195	Развитие в спорте	Растеряться сомнительный невыносимый реклама вариант ведь. Бригада шлем порядок поймать присесть ребятишки мусор. Триста пасть присесть вскинуть ярко очередной.	2025-01-30 17:36:43+05	2025-09-25 03:59:22+05	562
196	Поддержка в науке	Светило сынок невозможно проход настать багровый. Солнце советовать строительство господь указанный научить.	2023-09-20 01:30:09+05	2026-02-27 08:14:28+05	563
197	Помощь в культуре	Руководитель правый стакан багровый сынок аж возникновение товар. Ход дошлый юный провал оборот выражаться смеяться.\nСнимать написать лететь изредка задрать инструкция.	2023-10-01 02:44:51+05	2026-01-18 22:34:41+05	564
198	Забота в искусстве	Развернуться набор наслаждение терапия академик. Реклама лететь возникновение предоставить приличный угодный около.	2023-06-09 09:49:09+05	2026-02-20 10:21:01+05	565
199	Забота в науке	Князь триста прелесть дрогнуть. Пол наслаждение решение рабочий услать нажать умолять. Демократия коммунизм а.	2024-12-16 04:27:14+05	2025-06-21 15:47:54+05	566
200	Любовь в культуре	Руководитель построить зарплата крыса. Столетие художественный возбуждение правление бак картинка.	2023-12-12 03:47:19+05	2026-03-21 23:33:32+05	567
201	Добро в науке	Поговорить остановить разуметься остановить поймать выразить торговля. Головка покидать термин угодный металл степь миг. Ночь промолчать мера голубчик блин багровый монета близко.	2024-12-22 23:45:39+05	2025-12-04 14:51:39+05	568
\.


--
-- Data for Name: ProjectCategories; Type: TABLE DATA; Schema: public; Owner: postgres
--

COPY public."ProjectCategories" ("CategoryId", "Name") FROM stdin;
1	Category 1
2	eeweew
3	aboba
4	1
5	2
1118	ведь
1119	художественный
1120	холодно
1121	сынок
1122	ручей
1123	костер
1124	фонарик
1125	инвалид
1126	сопровождаться
1127	народ
1128	скрытый
1129	разуметься
1130	советовать
1131	блин
1132	ягода
1133	слишком
1134	ночь
1135	сохранять
1136	лапа
1137	коммунизм
1138	торговля
1139	смеяться
1140	растеряться
1141	некоторый
1142	радость
1143	манера
1144	дрогнуть
1145	салон
1146	конструкция
1147	находить
1148	зарплата
1149	песенка
1150	близко
1151	правый
1152	скользить
1153	левый
1154	невозможно
1155	уронить
1156	дремать
1157	при
1158	дурацкий
1159	применяться
1160	выразить
1161	столетие
1162	юный
1163	плясать
1164	приятель
1165	медицина
1166	валюта
1167	неправда
1168	похороны
1169	следовательно
1170	еврейский
1171	карандаш
1172	очко
1173	инфекция
1174	миг
1175	бочок
1176	белье
1177	умирать
1178	инструкция
1179	порт
1180	какой
1181	головной
1182	научить
1183	назначить
1184	сверкать
1185	изменение
1186	чувство
1187	ответить
1188	нервно
1189	райком
1190	необычный
1191	падать
1192	подробность
1193	встать
1194	зима
1195	эффект
1196	избегать
1197	бабочка
1198	точно
1199	торопливый
1200	мальчишка
1201	монета
1202	триста
1203	постоянный
1204	банда
1205	мелочь
1206	смертельный
1207	отметить
1208	армейский
1209	вперед
1210	светило
1211	покинуть
1212	услать
1213	приходить
1214	правление
1215	миф
1216	крутой
1217	мрачно
1218	палка
1219	издали
1220	одиннадцать
1221	карман
1222	актриса
1223	привлекать
1224	солнце
1225	премьера
1226	мотоцикл
1227	единый
1228	волк
1229	плод
1230	намерение
1231	наслаждение
1232	запеть
1233	экзамен
1234	казнь
1235	шлем
1236	печатать
1237	свежий
1238	задрать
1239	кпсс
1240	бок
1241	отражение
1242	житель
1243	бригада
1244	самостоятельно
1245	командующий
1246	степь
1247	даль
1248	возможно
1249	зачем
1250	наткнуться
1251	настать
1252	направо
1253	трубка
1254	угроза
1255	легко
1256	мимо
1257	запустить
1258	кидать
1259	вытаскивать
1260	господь
1261	уничтожение
1262	рабочий
1263	аж
1264	реклама
1265	увеличиваться
1266	да
1267	около
1268	изучить
1269	тюрьма
1270	функция
1271	вообще
1272	выкинуть
1273	дошлый
1274	пламя
1275	изба
1276	изба
1277	лиловый
1278	очутиться
1279	хотеть
1280	поставить
1281	стакан
1282	порядок
1283	металл
1284	дорогой
1285	боец
1286	четко
1287	посвятить
1288	а
1289	перебивать
1290	нажать
1291	интернет
1292	ломать
1293	лететь
1294	рай
1295	провинция
1296	нож
1297	недостаток
1298	прощение
1299	счастье
1300	указанный
1301	заработать
1302	естественный
1303	спорт
1304	слать
1305	пятеро
1306	деловой
1307	палец
1308	успокоиться
1309	пасть
1310	решение
1311	четыре
1312	выражаться
1313	конференция
1314	виднеться
1315	достоинство
1316	цель
1317	правильный
1318	правильный
1319	ребятишки
1320	другой
1321	собеседник
1322	гулять
1323	сбросить
1324	уточнить
1325	человечек
1326	висеть
1327	товар
1328	поймать
1329	материя
1330	горький
1331	бегать
1332	мелькнуть
1333	через
1334	школьный
1335	совет
1336	освобождение
1337	сверкающий
1338	граница
1339	славный
1340	прелесть
1341	выгнать
1342	командир
1343	рис
1344	мусор
1345	покидать
1346	исполнять
1347	дьявол
1348	ленинград
1349	заявление
1350	подземный
1351	вряд
1352	спичка
1353	вздрогнуть
1354	космос
1355	видимо
1356	за
1357	умолять
1358	смелый
1359	носок
1360	промолчать
1361	штаб
1362	тусклый
1363	госпожа
1364	передо
1365	упорно
1366	число
1367	приличный
1368	трясти
1369	роса
1370	тысяча
1371	присесть
1372	ученый
1373	картинка
1374	секунда
1375	результат
1376	цепочка
1377	коробка
1378	роскошный
1379	князь
1380	поздравлять
1381	танцевать
1382	командование
1383	низкий
1384	палата
1385	упор
1386	налоговый
1387	сустав
1388	очередной
1389	выраженный
1390	труп
1391	ярко
1392	кузнец
1393	ход
1394	потрясти
1395	серьезный
1396	прошептать
1397	сомнительный
1398	неожиданно
1399	рассуждение
1400	термин
1401	цвет
1402	равнодушный
1403	разнообразный
1404	сравнение
1405	каюта
1406	магазин
1407	расстегнуть
1408	спасть
1409	полевой
1410	жестокий
1411	полоска
1412	добиться
1413	песня
1414	о
1415	основание
1416	о
1417	грустный
1418	беспомощный
1419	мера
1420	спалить
1421	отдел
1422	терапия
1423	дыхание
1424	сутки
1425	спешить
1426	тута
1427	механический
1428	пересечь
1429	ремень
1430	прежде
1431	означать
1432	поезд
1433	снимать
1434	возникновение
1435	оборот
1436	строительство
1437	потом
1438	забирать
1439	витрина
1440	ныне
1441	дальний
1442	наступать
1443	бак
1444	вскакивать
1445	пропаганда
1446	деньги
1447	кольцо
1448	падаль
1449	выдержать
1450	порог
1451	затянуться
1452	хлеб
1453	место
1454	протягивать
1455	задержать
1456	адвокат
1457	девка
\.


--
-- Data for Name: ProjectComments; Type: TABLE DATA; Schema: public; Owner: postgres
--

COPY public."ProjectComments" ("CommentId", "CommentText", "CommentDate", "ProjectId") FROM stdin;
\.


--
-- Data for Name: ProjectPhotos; Type: TABLE DATA; Schema: public; Owner: postgres
--

COPY public."ProjectPhotos" ("PhotoId", "ProjectId", "PhotoBytes", "Description") FROM stdin;
1	1	https://example.com/photo.jpg	Photo 1
2	2	../img/icon.png	Photo
3	3	../img/icon.png	Photo
4	4	https://dummyimage.com/418x878	Photo
5	5	https://dummyimage.com/911x59	Photo
6	6	https://placekitten.com/702/667	Photo
7	7	https://picsum.photos/200/15	Photo
8	8	https://dummyimage.com/833x537	Photo
9	9	https://dummyimage.com/351x313	Photo
10	10	https://picsum.photos/346/360	Photo
11	11	https://dummyimage.com/318x761	Photo
12	12	https://placekitten.com/779/298	Photo
13	13	https://dummyimage.com/88x416	Photo
14	14	https://picsum.photos/257/117	Photo
15	15	https://picsum.photos/940/337	Photo
16	16	https://dummyimage.com/1012x716	Photo
17	17	https://dummyimage.com/802x313	Photo
18	18	https://placekitten.com/949/775	Photo
19	19	https://picsum.photos/374/654	Photo
20	20	https://picsum.photos/198/120	Photo
21	21	https://placekitten.com/405/838	Photo
22	22	https://picsum.photos/136/426	Photo
23	23	https://placekitten.com/995/876	Photo
24	24	https://placekitten.com/479/526	Photo
25	25	https://placekitten.com/372/111	Photo
26	26	https://picsum.photos/724/557	Photo
27	27	https://picsum.photos/410/248	Photo
28	28	https://dummyimage.com/375x284	Photo
29	29	https://placekitten.com/799/110	Photo
30	30	https://placekitten.com/69/221	Photo
31	31	https://placekitten.com/899/442	Photo
32	32	https://picsum.photos/967/905	Photo
33	33	https://picsum.photos/698/328	Photo
34	34	https://dummyimage.com/1014x617	Photo
35	35	https://picsum.photos/1006/797	Photo
36	36	https://dummyimage.com/91x572	Photo
37	37	https://placekitten.com/860/807	Photo
38	38	https://dummyimage.com/740x162	Photo
39	39	https://placekitten.com/589/210	Photo
40	40	https://dummyimage.com/223x321	Photo
41	41	https://dummyimage.com/240x203	Photo
42	42	https://dummyimage.com/549x443	Photo
43	43	https://picsum.photos/974/299	Photo
44	44	https://dummyimage.com/591x244	Photo
45	45	https://picsum.photos/870/319	Photo
46	46	https://picsum.photos/634/211	Photo
47	47	https://placekitten.com/572/576	Photo
48	48	https://dummyimage.com/228x105	Photo
49	49	https://placekitten.com/760/296	Photo
50	50	https://dummyimage.com/166x650	Photo
51	51	https://dummyimage.com/446x367	Photo
52	52	https://picsum.photos/819/421	Photo
53	53	https://picsum.photos/946/561	Photo
54	54	https://picsum.photos/630/129	Photo
55	55	https://dummyimage.com/148x482	Photo
56	56	https://placekitten.com/733/455	Photo
57	57	https://picsum.photos/360/84	Photo
58	58	https://picsum.photos/752/404	Photo
59	59	https://dummyimage.com/104x379	Photo
60	60	https://placekitten.com/209/989	Photo
61	61	https://placekitten.com/855/182	Photo
62	62	https://dummyimage.com/249x327	Photo
63	63	https://dummyimage.com/155x148	Photo
64	64	https://dummyimage.com/346x991	Photo
65	65	https://dummyimage.com/421x56	Photo
66	66	https://picsum.photos/610/1022	Photo
67	67	https://placekitten.com/453/637	Photo
68	68	https://placekitten.com/266/725	Photo
69	69	https://dummyimage.com/537x9	Photo
70	70	https://picsum.photos/727/504	Photo
71	71	https://picsum.photos/944/226	Photo
72	72	https://placekitten.com/494/659	Photo
73	73	https://placekitten.com/158/865	Photo
74	74	https://dummyimage.com/371x183	Photo
75	75	https://dummyimage.com/63x1004	Photo
76	76	https://placekitten.com/751/996	Photo
77	77	https://picsum.photos/404/395	Photo
78	78	https://picsum.photos/340/793	Photo
79	79	https://placekitten.com/690/48	Photo
80	80	https://placekitten.com/242/235	Photo
81	81	https://picsum.photos/520/305	Photo
82	82	https://placekitten.com/955/992	Photo
83	83	https://dummyimage.com/292x139	Photo
84	84	https://placekitten.com/687/32	Photo
85	85	https://dummyimage.com/242x328	Photo
86	86	https://placekitten.com/557/802	Photo
87	87	https://placekitten.com/481/667	Photo
88	88	https://picsum.photos/569/121	Photo
89	89	https://dummyimage.com/418x427	Photo
90	90	https://picsum.photos/2/286	Photo
91	91	https://dummyimage.com/459x670	Photo
92	92	https://dummyimage.com/908x933	Photo
93	93	https://placekitten.com/421/707	Photo
94	94	https://dummyimage.com/348x322	Photo
95	95	https://dummyimage.com/405x616	Photo
96	96	https://dummyimage.com/83x1	Photo
97	97	https://picsum.photos/109/960	Photo
98	98	https://picsum.photos/838/83	Photo
99	99	https://dummyimage.com/771x802	Photo
100	100	https://placekitten.com/627/942	Photo
101	101	https://placekitten.com/489/854	Photo
102	102	https://dummyimage.com/342x371	Photo
103	103	https://dummyimage.com/91x60	Photo
104	104	https://picsum.photos/892/863	Photo
105	105	https://dummyimage.com/559x147	Photo
106	106	https://dummyimage.com/370x213	Photo
107	107	https://dummyimage.com/189x483	Photo
108	108	https://picsum.photos/349/947	Photo
109	109	https://dummyimage.com/445x823	Photo
110	110	https://dummyimage.com/895x272	Photo
111	111	https://placekitten.com/454/642	Photo
112	112	https://dummyimage.com/651x526	Photo
113	113	https://dummyimage.com/628x458	Photo
114	114	https://dummyimage.com/762x926	Photo
115	115	https://dummyimage.com/900x997	Photo
116	116	https://placekitten.com/65/351	Photo
117	117	https://placekitten.com/27/774	Photo
118	118	https://dummyimage.com/754x684	Photo
119	119	https://picsum.photos/425/210	Photo
120	120	https://dummyimage.com/736x855	Photo
121	121	https://dummyimage.com/371x294	Photo
122	122	https://placekitten.com/194/737	Photo
123	123	https://picsum.photos/656/437	Photo
124	124	https://picsum.photos/403/743	Photo
125	125	https://placekitten.com/682/40	Photo
126	126	https://dummyimage.com/408x654	Photo
127	127	https://placekitten.com/918/443	Photo
128	128	https://placekitten.com/474/318	Photo
129	129	https://dummyimage.com/154x393	Photo
130	130	https://picsum.photos/988/487	Photo
131	131	https://picsum.photos/224/755	Photo
132	132	https://picsum.photos/216/744	Photo
133	133	https://dummyimage.com/1016x279	Photo
134	134	https://placekitten.com/649/524	Photo
135	135	https://picsum.photos/645/379	Photo
136	136	https://dummyimage.com/651x371	Photo
137	137	https://dummyimage.com/774x536	Photo
138	138	https://picsum.photos/79/438	Photo
139	139	https://picsum.photos/24/450	Photo
140	140	https://picsum.photos/722/734	Photo
141	141	https://placekitten.com/548/615	Photo
142	142	https://dummyimage.com/954x298	Photo
143	143	https://dummyimage.com/387x882	Photo
144	144	https://placekitten.com/433/144	Photo
145	145	https://placekitten.com/745/543	Photo
146	146	https://picsum.photos/688/751	Photo
147	147	https://picsum.photos/1017/428	Photo
148	148	https://dummyimage.com/549x803	Photo
149	149	https://placekitten.com/448/612	Photo
150	150	https://dummyimage.com/542x626	Photo
151	151	https://dummyimage.com/720x496	Photo
152	152	https://placekitten.com/975/517	Photo
153	153	https://picsum.photos/171/183	Photo
154	154	https://picsum.photos/926/297	Photo
155	155	https://picsum.photos/499/732	Photo
156	156	https://placekitten.com/824/521	Photo
157	157	https://picsum.photos/126/51	Photo
158	158	https://placekitten.com/7/642	Photo
159	159	https://dummyimage.com/947x674	Photo
160	160	https://placekitten.com/140/920	Photo
161	161	https://placekitten.com/453/418	Photo
162	162	https://dummyimage.com/53x866	Photo
163	163	https://placekitten.com/593/572	Photo
164	164	https://placekitten.com/327/1000	Photo
165	165	https://dummyimage.com/1022x106	Photo
166	166	https://picsum.photos/821/608	Photo
167	167	https://picsum.photos/937/687	Photo
168	168	https://dummyimage.com/636x61	Photo
169	169	https://dummyimage.com/672x904	Photo
170	170	https://dummyimage.com/316x690	Photo
171	171	https://dummyimage.com/497x988	Photo
172	172	https://picsum.photos/600/129	Photo
173	173	https://placekitten.com/306/287	Photo
174	174	https://picsum.photos/307/419	Photo
175	175	https://placekitten.com/260/954	Photo
176	176	https://dummyimage.com/316x975	Photo
177	177	https://placekitten.com/594/617	Photo
178	178	https://picsum.photos/449/509	Photo
179	179	https://dummyimage.com/543x148	Photo
180	180	https://dummyimage.com/927x185	Photo
181	181	https://picsum.photos/40/851	Photo
182	182	https://picsum.photos/921/201	Photo
183	183	https://picsum.photos/760/536	Photo
184	184	https://dummyimage.com/910x7	Photo
185	185	https://placekitten.com/341/32	Photo
186	186	https://dummyimage.com/406x156	Photo
187	187	https://placekitten.com/918/703	Photo
188	188	https://placekitten.com/565/402	Photo
189	189	https://picsum.photos/228/904	Photo
190	190	https://placekitten.com/447/324	Photo
191	191	https://picsum.photos/128/555	Photo
192	192	https://picsum.photos/231/101	Photo
193	193	https://placekitten.com/145/610	Photo
194	194	https://picsum.photos/712/564	Photo
195	195	https://placekitten.com/163/447	Photo
196	196	https://picsum.photos/877/280	Photo
197	197	https://dummyimage.com/721x744	Photo
198	198	https://placekitten.com/607/530	Photo
199	199	https://dummyimage.com/296x630	Photo
200	200	https://placekitten.com/398/801	Photo
201	201	https://picsum.photos/342/484	Photo
\.


--
-- Data for Name: ProjectsCategoryMappings; Type: TABLE DATA; Schema: public; Owner: postgres
--

COPY public."ProjectsCategoryMappings" ("ProjectId", "CategoryId", "ProjectCategoryMappingId") FROM stdin;
1	1	0
2	2	0
2	3	0
3	4	0
3	5	0
4	1118	0
4	1119	0
4	1120	0
5	1121	0
6	1122	0
7	1123	0
7	1124	0
8	1125	0
8	1126	0
8	1127	0
8	1128	0
8	1129	0
9	1130	0
9	1131	0
9	1132	0
9	1133	0
10	1134	0
10	1135	0
10	1136	0
10	1137	0
11	1138	0
12	1139	0
13	1140	0
14	1141	0
14	1142	0
14	1143	0
14	1144	0
14	1145	0
15	1146	0
15	1147	0
15	1148	0
15	1149	0
15	1119	0
16	1150	0
16	1151	0
16	1152	0
17	1153	0
18	1154	0
18	1155	0
18	1156	0
18	1157	0
18	1141	0
19	1158	0
19	1159	0
19	1160	0
19	1161	0
20	1162	0
21	1156	0
22	1163	0
22	1164	0
22	1165	0
22	1166	0
22	1167	0
23	1168	0
23	1169	0
23	1170	0
24	1171	0
25	1172	0
25	1173	0
25	1174	0
26	1175	0
26	1176	0
27	1177	0
28	1178	0
28	1179	0
28	1180	0
28	1181	0
29	1182	0
29	1183	0
30	1184	0
30	1185	0
30	1186	0
30	1187	0
31	1188	0
31	1189	0
32	1190	0
32	1191	0
33	1192	0
33	1193	0
34	1194	0
34	1195	0
35	1196	0
35	1126	0
35	1194	0
36	1197	0
36	1198	0
36	1199	0
37	1200	0
38	1201	0
38	1202	0
38	1203	0
39	1204	0
39	1167	0
39	1168	0
40	1205	0
40	1206	0
40	1207	0
40	1208	0
40	1157	0
41	1209	0
41	1210	0
41	1211	0
41	1172	0
42	1212	0
42	1213	0
42	1214	0
42	1215	0
42	1184	0
43	1216	0
43	1217	0
43	1218	0
43	1181	0
44	1219	0
44	1220	0
44	1221	0
44	1222	0
45	1223	0
45	1158	0
46	1224	0
46	1225	0
46	1153	0
47	1226	0
47	1227	0
48	1228	0
49	1229	0
49	1230	0
50	1231	0
50	1232	0
50	1233	0
50	1191	0
50	1201	0
51	1234	0
51	1235	0
51	1236	0
51	1143	0
51	1191	0
52	1237	0
52	1238	0
52	1239	0
52	1124	0
52	1202	0
53	1240	0
53	1219	0
54	1241	0
54	1242	0
54	1243	0
54	1244	0
54	1144	0
55	1245	0
55	1246	0
55	1247	0
55	1248	0
55	1129	0
56	1249	0
56	1250	0
56	1251	0
56	1252	0
56	1146	0
57	1253	0
57	1245	0
58	1254	0
58	1255	0
58	1256	0
58	1206	0
59	1257	0
59	1258	0
60	1259	0
60	1260	0
60	1134	0
61	1261	0
61	1262	0
61	1263	0
61	1264	0
62	1265	0
62	1266	0
62	1184	0
63	1267	0
63	1268	0
63	1269	0
63	1270	0
64	1271	0
64	1272	0
64	1273	0
64	1274	0
64	1270	0
65	1131	0
65	1217	0
65	1246	0
66	1275	0
66	1276	0
67	1277	0
67	1278	0
67	1279	0
67	1163	0
67	1179	0
68	1280	0
68	1281	0
68	1268	0
69	1282	0
69	1283	0
69	1284	0
69	1185	0
69	1248	0
70	1285	0
70	1286	0
70	1287	0
71	1288	0
71	1289	0
71	1290	0
71	1137	0
71	1265	0
72	1291	0
72	1292	0
72	1293	0
72	1294	0
72	1286	0
73	1295	0
73	1296	0
73	1297	0
73	1298	0
73	1281	0
74	1299	0
74	1300	0
74	1240	0
74	1247	0
74	1254	0
75	1301	0
75	1242	0
75	1253	0
75	1290	0
76	1302	0
76	1303	0
76	1304	0
76	1270	0
77	1305	0
77	1306	0
77	1150	0
78	1273	0
79	1121	0
79	1194	0
80	1307	0
80	1308	0
80	1309	0
80	1310	0
80	1250	0
81	1311	0
82	1312	0
82	1313	0
82	1180	0
82	1201	0
83	1314	0
83	1315	0
84	1316	0
84	1317	0
84	1318	0
84	1319	0
84	1320	0
85	1321	0
85	1322	0
85	1193	0
85	1313	0
86	1323	0
86	1324	0
86	1123	0
86	1214	0
86	1307	0
87	1325	0
87	1144	0
87	1283	0
87	1300	0
88	1326	0
88	1327	0
88	1328	0
88	1329	0
88	1205	0
89	1330	0
89	1331	0
89	1332	0
90	1333	0
91	1269	0
91	1284	0
92	1219	0
93	1334	0
93	1335	0
93	1336	0
93	1214	0
93	1307	0
94	1337	0
94	1129	0
94	1184	0
94	1305	0
95	1338	0
95	1339	0
95	1170	0
96	1312	0
97	1201	0
98	1340	0
98	1156	0
98	1256	0
98	1277	0
98	1322	0
99	1341	0
100	1342	0
101	1343	0
101	1344	0
101	1145	0
102	1345	0
102	1346	0
102	1347	0
102	1260	0
102	1308	0
103	1348	0
103	1349	0
103	1350	0
103	1260	0
103	1271	0
104	1280	0
104	1331	0
105	1351	0
105	1330	0
106	1352	0
106	1353	0
106	1354	0
106	1294	0
107	1355	0
107	1356	0
107	1294	0
108	1120	0
109	1357	0
109	1200	0
110	1358	0
110	1158	0
110	1174	0
111	1359	0
111	1360	0
111	1361	0
111	1156	0
111	1306	0
112	1220	0
113	1362	0
113	1148	0
114	1274	0
115	1363	0
116	1364	0
116	1122	0
117	1315	0
118	1365	0
118	1275	0
118	1345	0
119	1366	0
119	1367	0
119	1368	0
119	1229	0
119	1249	0
120	1320	0
120	1353	0
121	1369	0
121	1326	0
122	1224	0
123	1370	0
123	1157	0
123	1229	0
124	1249	0
125	1371	0
126	1372	0
126	1153	0
126	1185	0
126	1234	0
127	1373	0
127	1374	0
127	1198	0
127	1353	0
128	1375	0
128	1376	0
128	1377	0
128	1159	0
128	1331	0
129	1272	0
130	1378	0
130	1183	0
130	1201	0
131	1379	0
131	1139	0
132	1380	0
132	1381	0
132	1382	0
132	1383	0
133	1124	0
133	1217	0
134	1384	0
134	1241	0
134	1383	0
135	1381	0
136	1146	0
136	1260	0
136	1319	0
136	1350	0
136	1355	0
137	1385	0
137	1386	0
137	1387	0
137	1214	0
138	1223	0
138	1324	0
138	1370	0
139	1388	0
140	1175	0
140	1188	0
140	1236	0
140	1306	0
141	1389	0
141	1281	0
141	1282	0
141	1308	0
142	1390	0
142	1294	0
143	1391	0
143	1275	0
143	1316	0
143	1335	0
144	1392	0
144	1393	0
144	1183	0
145	1121	0
146	1394	0
146	1395	0
147	1396	0
147	1215	0
147	1250	0
147	1296	0
147	1330	0
148	1397	0
148	1233	0
149	1398	0
150	1273	0
151	1363	0
152	1399	0
152	1400	0
152	1303	0
152	1361	0
152	1376	0
153	1401	0
153	1402	0
153	1139	0
153	1251	0
153	1316	0
154	1403	0
154	1404	0
154	1405	0
154	1406	0
154	1262	0
155	1407	0
155	1408	0
155	1409	0
155	1145	0
155	1345	0
156	1234	0
156	1258	0
157	1410	0
157	1175	0
157	1196	0
157	1247	0
157	1261	0
158	1411	0
158	1354	0
159	1199	0
159	1334	0
160	1293	0
161	1145	0
161	1372	0
162	1412	0
162	1413	0
162	1216	0
163	1269	0
163	1410	0
164	1414	0
164	1415	0
164	1416	0
164	1313	0
164	1357	0
165	1417	0
165	1418	0
165	1406	0
166	1419	0
166	1275	0
166	1284	0
167	1420	0
167	1421	0
167	1259	0
168	1195	0
168	1240	0
168	1255	0
168	1280	0
168	1337	0
169	1422	0
169	1247	0
169	1413	0
170	1423	0
170	1364	0
171	1424	0
171	1149	0
171	1260	0
172	1425	0
172	1426	0
172	1135	0
172	1355	0
172	1391	0
173	1427	0
173	1428	0
173	1429	0
173	1224	0
173	1390	0
174	1258	0
174	1284	0
175	1270	0
175	1391	0
175	1414	0
176	1309	0
177	1430	0
177	1198	0
177	1200	0
178	1431	0
179	1432	0
179	1280	0
180	1387	0
180	1427	0
181	1433	0
181	1434	0
181	1148	0
181	1229	0
182	1435	0
182	1436	0
182	1215	0
182	1336	0
182	1344	0
183	1437	0
184	1438	0
184	1314	0
184	1316	0
184	1319	0
184	1356	0
185	1439	0
185	1184	0
185	1288	0
185	1344	0
185	1354	0
186	1440	0
186	1441	0
186	1442	0
186	1443	0
186	1363	0
187	1444	0
187	1170	0
187	1270	0
187	1406	0
188	1125	0
188	1379	0
189	1142	0
189	1241	0
189	1330	0
190	1445	0
190	1303	0
191	1446	0
191	1311	0
192	1447	0
192	1448	0
192	1164	0
192	1187	0
192	1235	0
193	1163	0
193	1354	0
194	1449	0
194	1284	0
195	1275	0
196	1450	0
196	1213	0
197	1451	0
197	1452	0
197	1244	0
197	1262	0
197	1300	0
198	1453	0
198	1454	0
198	1412	0
199	1455	0
199	1389	0
200	1182	0
201	1456	0
201	1457	0
201	1299	0
201	1333	0
201	1386	0
\.


--
-- Name: Charities_CharityId_seq; Type: SEQUENCE SET; Schema: public; Owner: postgres
--

SELECT pg_catalog.setval('public."Charities_CharityId_seq"', 568, true);


--
-- Name: CharityPhotos_PhotoId_seq; Type: SEQUENCE SET; Schema: public; Owner: postgres
--

SELECT pg_catalog.setval('public."CharityPhotos_PhotoId_seq"', 1, false);


--
-- Name: CharityProjects_ProjectId_seq; Type: SEQUENCE SET; Schema: public; Owner: postgres
--

SELECT pg_catalog.setval('public."CharityProjects_ProjectId_seq"', 201, true);


--
-- Name: ProjectCategories_CategoryId_seq; Type: SEQUENCE SET; Schema: public; Owner: postgres
--

SELECT pg_catalog.setval('public."ProjectCategories_CategoryId_seq"', 1457, true);


--
-- Name: ProjectComments_CommentId_seq; Type: SEQUENCE SET; Schema: public; Owner: postgres
--

SELECT pg_catalog.setval('public."ProjectComments_CommentId_seq"', 1, false);


--
-- Name: ProjectPhotos_PhotoId_seq; Type: SEQUENCE SET; Schema: public; Owner: postgres
--

SELECT pg_catalog.setval('public."ProjectPhotos_PhotoId_seq"', 201, true);


--
-- Name: Charities PK_Charities; Type: CONSTRAINT; Schema: public; Owner: postgres
--

ALTER TABLE ONLY public."Charities"
    ADD CONSTRAINT "PK_Charities" PRIMARY KEY ("CharityId");


--
-- Name: CharityPhotos PK_CharityPhotos; Type: CONSTRAINT; Schema: public; Owner: postgres
--

ALTER TABLE ONLY public."CharityPhotos"
    ADD CONSTRAINT "PK_CharityPhotos" PRIMARY KEY ("PhotoId");


--
-- Name: CharityProjects PK_CharityProjects; Type: CONSTRAINT; Schema: public; Owner: postgres
--

ALTER TABLE ONLY public."CharityProjects"
    ADD CONSTRAINT "PK_CharityProjects" PRIMARY KEY ("ProjectId");


--
-- Name: ProjectCategories PK_ProjectCategories; Type: CONSTRAINT; Schema: public; Owner: postgres
--

ALTER TABLE ONLY public."ProjectCategories"
    ADD CONSTRAINT "PK_ProjectCategories" PRIMARY KEY ("CategoryId");


--
-- Name: ProjectComments PK_ProjectComments; Type: CONSTRAINT; Schema: public; Owner: postgres
--

ALTER TABLE ONLY public."ProjectComments"
    ADD CONSTRAINT "PK_ProjectComments" PRIMARY KEY ("CommentId");


--
-- Name: ProjectPhotos PK_ProjectPhotos; Type: CONSTRAINT; Schema: public; Owner: postgres
--

ALTER TABLE ONLY public."ProjectPhotos"
    ADD CONSTRAINT "PK_ProjectPhotos" PRIMARY KEY ("PhotoId");


--
-- Name: ProjectsCategoryMappings PK_ProjectsCategoryMappings; Type: CONSTRAINT; Schema: public; Owner: postgres
--

ALTER TABLE ONLY public."ProjectsCategoryMappings"
    ADD CONSTRAINT "PK_ProjectsCategoryMappings" PRIMARY KEY ("ProjectId", "CategoryId");


--
-- Name: IX_Charities_Username; Type: INDEX; Schema: public; Owner: postgres
--

CREATE UNIQUE INDEX "IX_Charities_Username" ON public."Charities" USING btree ("Username");


--
-- Name: IX_CharityPhotos_CharityId; Type: INDEX; Schema: public; Owner: postgres
--

CREATE INDEX "IX_CharityPhotos_CharityId" ON public."CharityPhotos" USING btree ("CharityId");


--
-- Name: IX_CharityProjects_CharityId; Type: INDEX; Schema: public; Owner: postgres
--

CREATE INDEX "IX_CharityProjects_CharityId" ON public."CharityProjects" USING btree ("CharityId");


--
-- Name: IX_ProjectComments_ProjectId; Type: INDEX; Schema: public; Owner: postgres
--

CREATE INDEX "IX_ProjectComments_ProjectId" ON public."ProjectComments" USING btree ("ProjectId");


--
-- Name: IX_ProjectPhotos_ProjectId; Type: INDEX; Schema: public; Owner: postgres
--

CREATE INDEX "IX_ProjectPhotos_ProjectId" ON public."ProjectPhotos" USING btree ("ProjectId");


--
-- Name: IX_ProjectsCategoryMappings_CategoryId; Type: INDEX; Schema: public; Owner: postgres
--

CREATE INDEX "IX_ProjectsCategoryMappings_CategoryId" ON public."ProjectsCategoryMappings" USING btree ("CategoryId");


--
-- Name: CharityPhotos FK_CharityPhotos_Charities_CharityId; Type: FK CONSTRAINT; Schema: public; Owner: postgres
--

ALTER TABLE ONLY public."CharityPhotos"
    ADD CONSTRAINT "FK_CharityPhotos_Charities_CharityId" FOREIGN KEY ("CharityId") REFERENCES public."Charities"("CharityId") ON DELETE CASCADE;


--
-- Name: CharityProjects FK_CharityProjects_Charities_CharityId; Type: FK CONSTRAINT; Schema: public; Owner: postgres
--

ALTER TABLE ONLY public."CharityProjects"
    ADD CONSTRAINT "FK_CharityProjects_Charities_CharityId" FOREIGN KEY ("CharityId") REFERENCES public."Charities"("CharityId") ON DELETE CASCADE;


--
-- Name: ProjectComments FK_ProjectComments_CharityProjects_ProjectId; Type: FK CONSTRAINT; Schema: public; Owner: postgres
--

ALTER TABLE ONLY public."ProjectComments"
    ADD CONSTRAINT "FK_ProjectComments_CharityProjects_ProjectId" FOREIGN KEY ("ProjectId") REFERENCES public."CharityProjects"("ProjectId") ON DELETE CASCADE;


--
-- Name: ProjectPhotos FK_ProjectPhotos_CharityProjects_ProjectId; Type: FK CONSTRAINT; Schema: public; Owner: postgres
--

ALTER TABLE ONLY public."ProjectPhotos"
    ADD CONSTRAINT "FK_ProjectPhotos_CharityProjects_ProjectId" FOREIGN KEY ("ProjectId") REFERENCES public."CharityProjects"("ProjectId") ON DELETE CASCADE;


--
-- Name: ProjectsCategoryMappings FK_ProjectsCategoryMappings_CharityProjects_ProjectId; Type: FK CONSTRAINT; Schema: public; Owner: postgres
--

ALTER TABLE ONLY public."ProjectsCategoryMappings"
    ADD CONSTRAINT "FK_ProjectsCategoryMappings_CharityProjects_ProjectId" FOREIGN KEY ("ProjectId") REFERENCES public."CharityProjects"("ProjectId") ON DELETE CASCADE;


--
-- Name: ProjectsCategoryMappings FK_ProjectsCategoryMappings_ProjectCategories_CategoryId; Type: FK CONSTRAINT; Schema: public; Owner: postgres
--

ALTER TABLE ONLY public."ProjectsCategoryMappings"
    ADD CONSTRAINT "FK_ProjectsCategoryMappings_ProjectCategories_CategoryId" FOREIGN KEY ("CategoryId") REFERENCES public."ProjectCategories"("CategoryId") ON DELETE CASCADE;


--
-- PostgreSQL database dump complete
--

