--
-- PostgreSQL database dump
--

-- Dumped from database version 16.2
-- Dumped by pg_dump version 16.2

SET statement_timeout = 0;
SET lock_timeout = 0;
SET idle_in_transaction_session_timeout = 0;
SET client_encoding = 'UTF8';
SET standard_conforming_strings = on;
SELECT pg_catalog.set_config('search_path', '', false);
SET check_function_bodies = false;
SET xmloption = content;
SET client_min_messages = warning;
SET row_security = off;

SET default_tablespace = '';

SET default_table_access_method = heap;

--
-- Name: ArticlePhotos; Type: TABLE; Schema: public; Owner: postgres
--

CREATE TABLE public."ArticlePhotos" (
    "ArticlePhotoId" integer NOT NULL,
    "ArticleId" integer NOT NULL,
    "PhotoBytes" text NOT NULL
);


ALTER TABLE public."ArticlePhotos" OWNER TO postgres;

--
-- Name: ArticlePhotos_ArticlePhotoId_seq; Type: SEQUENCE; Schema: public; Owner: postgres
--

ALTER TABLE public."ArticlePhotos" ALTER COLUMN "ArticlePhotoId" ADD GENERATED BY DEFAULT AS IDENTITY (
    SEQUENCE NAME public."ArticlePhotos_ArticlePhotoId_seq"
    START WITH 1
    INCREMENT BY 1
    NO MINVALUE
    NO MAXVALUE
    CACHE 1
);


--
-- Name: Articles; Type: TABLE; Schema: public; Owner: postgres
--

CREATE TABLE public."Articles" (
    "ArticleId" integer NOT NULL,
    "Title" character varying(40) NOT NULL,
    "AuthorCharityId" integer NOT NULL,
    "PublicationDate" timestamp with time zone NOT NULL,
    "Text" text NOT NULL
);


ALTER TABLE public."Articles" OWNER TO postgres;

--
-- Name: Articles_ArticleId_seq; Type: SEQUENCE; Schema: public; Owner: postgres
--

ALTER TABLE public."Articles" ALTER COLUMN "ArticleId" ADD GENERATED BY DEFAULT AS IDENTITY (
    SEQUENCE NAME public."Articles_ArticleId_seq"
    START WITH 1
    INCREMENT BY 1
    NO MINVALUE
    NO MAXVALUE
    CACHE 1
);


--
-- Name: Charities; Type: TABLE; Schema: public; Owner: postgres
--

CREATE TABLE public."Charities" (
    "CharityId" integer NOT NULL,
    "Name" character varying(100) NOT NULL,
    "Description" text,
    "ContactInfo" text,
    "Username" text,
    "PasswordHash" text
);


ALTER TABLE public."Charities" OWNER TO postgres;

--
-- Name: Charities_CharityId_seq; Type: SEQUENCE; Schema: public; Owner: postgres
--

ALTER TABLE public."Charities" ALTER COLUMN "CharityId" ADD GENERATED BY DEFAULT AS IDENTITY (
    SEQUENCE NAME public."Charities_CharityId_seq"
    START WITH 1
    INCREMENT BY 1
    NO MINVALUE
    NO MAXVALUE
    CACHE 1
);


--
-- Name: CharityPhotos; Type: TABLE; Schema: public; Owner: postgres
--

CREATE TABLE public."CharityPhotos" (
    "PhotoId" integer NOT NULL,
    "CharityId" integer NOT NULL,
    "PhotoBytes" text NOT NULL,
    "Description" text NOT NULL
);


ALTER TABLE public."CharityPhotos" OWNER TO postgres;

--
-- Name: CharityPhotos_PhotoId_seq; Type: SEQUENCE; Schema: public; Owner: postgres
--

ALTER TABLE public."CharityPhotos" ALTER COLUMN "PhotoId" ADD GENERATED BY DEFAULT AS IDENTITY (
    SEQUENCE NAME public."CharityPhotos_PhotoId_seq"
    START WITH 1
    INCREMENT BY 1
    NO MINVALUE
    NO MAXVALUE
    CACHE 1
);


--
-- Name: CharityProjects; Type: TABLE; Schema: public; Owner: postgres
--

CREATE TABLE public."CharityProjects" (
    "ProjectId" integer NOT NULL,
    "Name" character varying(100) NOT NULL,
    "Description" text NOT NULL,
    "PhoneNumber" text,
    "Reference" text,
    "CreditNumber" text,
    "StartDate" timestamp with time zone NOT NULL,
    "EndDate" timestamp with time zone NOT NULL,
    "CharityId" integer NOT NULL
);


ALTER TABLE public."CharityProjects" OWNER TO postgres;

--
-- Name: CharityProjects_ProjectId_seq; Type: SEQUENCE; Schema: public; Owner: postgres
--

ALTER TABLE public."CharityProjects" ALTER COLUMN "ProjectId" ADD GENERATED BY DEFAULT AS IDENTITY (
    SEQUENCE NAME public."CharityProjects_ProjectId_seq"
    START WITH 1
    INCREMENT BY 1
    NO MINVALUE
    NO MAXVALUE
    CACHE 1
);


--
-- Name: ProjectCategories; Type: TABLE; Schema: public; Owner: postgres
--

CREATE TABLE public."ProjectCategories" (
    "CategoryId" integer NOT NULL,
    "Name" character varying(100) NOT NULL
);


ALTER TABLE public."ProjectCategories" OWNER TO postgres;

--
-- Name: ProjectCategories_CategoryId_seq; Type: SEQUENCE; Schema: public; Owner: postgres
--

ALTER TABLE public."ProjectCategories" ALTER COLUMN "CategoryId" ADD GENERATED BY DEFAULT AS IDENTITY (
    SEQUENCE NAME public."ProjectCategories_CategoryId_seq"
    START WITH 1
    INCREMENT BY 1
    NO MINVALUE
    NO MAXVALUE
    CACHE 1
);


--
-- Name: ProjectComments; Type: TABLE; Schema: public; Owner: postgres
--

CREATE TABLE public."ProjectComments" (
    "CommentId" integer NOT NULL,
    "CommentText" text NOT NULL,
    "CommentDate" timestamp with time zone NOT NULL,
    "ProjectId" integer NOT NULL
);


ALTER TABLE public."ProjectComments" OWNER TO postgres;

--
-- Name: ProjectComments_CommentId_seq; Type: SEQUENCE; Schema: public; Owner: postgres
--

ALTER TABLE public."ProjectComments" ALTER COLUMN "CommentId" ADD GENERATED BY DEFAULT AS IDENTITY (
    SEQUENCE NAME public."ProjectComments_CommentId_seq"
    START WITH 1
    INCREMENT BY 1
    NO MINVALUE
    NO MAXVALUE
    CACHE 1
);


--
-- Name: ProjectPhotos; Type: TABLE; Schema: public; Owner: postgres
--

CREATE TABLE public."ProjectPhotos" (
    "PhotoId" integer NOT NULL,
    "ProjectId" integer NOT NULL,
    "PhotoBytes" text NOT NULL,
    "Description" text NOT NULL
);


ALTER TABLE public."ProjectPhotos" OWNER TO postgres;

--
-- Name: ProjectPhotos_PhotoId_seq; Type: SEQUENCE; Schema: public; Owner: postgres
--

ALTER TABLE public."ProjectPhotos" ALTER COLUMN "PhotoId" ADD GENERATED BY DEFAULT AS IDENTITY (
    SEQUENCE NAME public."ProjectPhotos_PhotoId_seq"
    START WITH 1
    INCREMENT BY 1
    NO MINVALUE
    NO MAXVALUE
    CACHE 1
);


--
-- Name: ProjectsCategoryMappings; Type: TABLE; Schema: public; Owner: postgres
--

CREATE TABLE public."ProjectsCategoryMappings" (
    "ProjectId" integer NOT NULL,
    "CategoryId" integer NOT NULL,
    "ProjectCategoryMappingId" integer NOT NULL
);


ALTER TABLE public."ProjectsCategoryMappings" OWNER TO postgres;

--
-- Data for Name: ArticlePhotos; Type: TABLE DATA; Schema: public; Owner: postgres
--

COPY public."ArticlePhotos" ("ArticlePhotoId", "ArticleId", "PhotoBytes") FROM stdin;
1	3	../img/icon.png
2	4	https://dummyimage.com/224x234
3	5	https://picsum.photos/334/447
4	6	https://dummyimage.com/163x828
5	7	https://picsum.photos/907/407
6	8	https://dummyimage.com/29x200
7	9	https://dummyimage.com/269x308
8	10	https://picsum.photos/292/657
9	11	https://picsum.photos/719/545
10	12	https://placekitten.com/462/150
11	13	https://picsum.photos/534/826
12	14	https://picsum.photos/167/110
13	15	https://dummyimage.com/436x793
14	16	https://dummyimage.com/320x341
15	17	https://dummyimage.com/787x705
16	18	https://placekitten.com/494/302
17	19	https://placekitten.com/215/106
18	20	https://picsum.photos/197/587
19	21	https://dummyimage.com/282x34
20	22	https://picsum.photos/577/134
21	23	https://dummyimage.com/309x70
22	24	https://placekitten.com/89/793
23	25	https://dummyimage.com/36x161
24	26	https://dummyimage.com/288x1022
25	27	https://dummyimage.com/568x716
26	28	https://placekitten.com/530/309
27	29	https://placekitten.com/990/772
28	30	https://dummyimage.com/741x618
29	31	https://dummyimage.com/695x368
30	32	https://picsum.photos/145/769
31	33	https://placekitten.com/293/800
32	34	https://dummyimage.com/447x478
33	35	https://picsum.photos/284/604
34	36	https://placekitten.com/441/665
35	37	https://placekitten.com/986/726
36	38	https://picsum.photos/754/731
37	39	https://picsum.photos/387/878
38	40	https://dummyimage.com/94x493
39	41	https://dummyimage.com/906x931
40	42	https://dummyimage.com/339x540
41	43	https://dummyimage.com/741x116
42	44	https://dummyimage.com/661x213
43	45	https://dummyimage.com/908x269
44	46	https://picsum.photos/270/789
45	47	https://picsum.photos/832/990
46	48	https://dummyimage.com/400x151
47	49	https://picsum.photos/722/647
48	50	https://dummyimage.com/253x729
49	51	https://picsum.photos/270/771
50	52	https://dummyimage.com/157x206
51	53	https://placekitten.com/23/537
52	54	https://picsum.photos/210/184
53	55	https://dummyimage.com/374x156
54	56	https://picsum.photos/259/990
55	57	https://dummyimage.com/999x340
56	58	https://picsum.photos/450/313
57	59	https://dummyimage.com/24x164
58	60	https://picsum.photos/778/644
59	61	https://placekitten.com/369/212
60	62	https://picsum.photos/806/139
61	63	https://picsum.photos/250/742
62	64	https://placekitten.com/487/873
63	65	https://dummyimage.com/151x236
64	66	https://dummyimage.com/195x734
65	67	https://picsum.photos/213/715
66	68	https://dummyimage.com/304x596
67	69	https://picsum.photos/140/490
68	70	https://dummyimage.com/124x536
69	71	https://dummyimage.com/558x1019
70	72	https://placekitten.com/96/101
71	73	https://picsum.photos/435/699
72	74	https://dummyimage.com/411x187
73	75	https://picsum.photos/773/681
74	76	https://dummyimage.com/616x152
75	77	https://dummyimage.com/877x656
76	78	https://picsum.photos/250/337
77	79	https://picsum.photos/963/29
78	80	https://picsum.photos/914/93
79	81	https://picsum.photos/688/289
80	82	https://dummyimage.com/401x1023
81	83	https://dummyimage.com/582x1011
82	84	https://dummyimage.com/811x630
83	85	https://picsum.photos/458/578
84	86	https://picsum.photos/171/1020
85	87	https://picsum.photos/908/451
86	88	https://picsum.photos/472/894
87	89	https://placekitten.com/925/829
88	90	https://placekitten.com/498/284
89	91	https://dummyimage.com/690x564
90	92	https://picsum.photos/383/547
91	93	https://placekitten.com/50/58
92	94	https://placekitten.com/41/682
93	95	https://dummyimage.com/345x65
94	96	https://dummyimage.com/365x43
95	97	https://dummyimage.com/999x490
96	98	https://placekitten.com/627/774
97	99	https://picsum.photos/299/320
98	100	https://placekitten.com/931/1007
99	101	https://picsum.photos/591/407
100	102	https://placekitten.com/363/207
101	103	https://dummyimage.com/103x251
\.


--
-- Data for Name: Articles; Type: TABLE DATA; Schema: public; Owner: postgres
--

COPY public."Articles" ("ArticleId", "Title", "AuthorCharityId", "PublicationDate", "Text") FROM stdin;
2	dqwqwed	1	2024-06-11 18:41:02.298+05	32re342fr34rf43r
3	vfdsverv	249	2024-06-11 19:04:09.276+05	rvevervsedrvgedrsvgsdrevsdrevgdrsvwdrvw
4	Факты в искусстве	250	2024-04-13 14:59:31+05	Вздрогнуть призыв приходить ведь.\nВолк встать неожиданный. Слать печатать некоторый услать еврейский песенка.
5	Советы для животных	251	2024-05-03 04:18:39+05	Следовательно призыв каюта пересечь. Скрытый хлеб выражаться медицина что возникновение.\nСвежий полюбить вскинуть нервно природа космос. Валюта лететь некоторый виднеться.
6	Факты для нуждающихся	252	2024-02-15 03:51:23+05	Школьный приходить ремень зима настать даль. Фонарик горький направо тусклый голубчик чем встать.\nЛапа наслаждение при торговля. Аллея человечек приятель.
7	Новости в искусстве	253	2023-11-02 23:29:24+05	Цель рота солнце тесно порог металл вскакивать. Трубка райком тяжелый банк зима. Мягкий мелочь столетие фонарик протягивать что.
8	Советы для животных	254	2025-03-18 18:40:15+05	Прежде зато единый порог устройство освобождение. Карандаш трясти каюта некоторый способ крыса расстегнуть падаль. Сбросить висеть правый смелый витрина. Коллектив угодный рабочий монета лапа.
9	Факты в медицине	255	2024-10-08 02:44:58+05	Витрина поезд заявление фонарик услать пятеро построить.\nПесня рис лететь какой цвет. Июнь сверкающий выраженный равнодушный ставить неудобно.
10	Факты для животных	256	2024-12-24 09:21:46+05	Материя грудь демократия эпоха песня спасть.\nВозникновение разводить выраженный тесно слишком металл человечек.\nМонета смеяться построить неожиданный бегать пасть смелый налоговый.
11	Новости в спорте	257	2024-07-25 16:39:30+05	Направо вытаскивать шлем скрытый проход один. Дорогой сверкать торопливый лететь каюта хозяйка. Металл протягивать наступать пасть. Школьный снимать рассуждение хозяйка оборот.
12	Факты в медицине	258	2025-05-30 16:03:33+05	Полностью уничтожение интернет полевой магазин бригада расстегнуть. Правление горький медицина серьезный. Темнеть покидать одиннадцать.
13	Советы для детей	259	2025-01-28 07:34:14+05	Банда пробовать пропасть отражение крыса.\nСпорт ныне поколение ребятишки поговорить заложить. Эффект соответствие очутиться результат перебивать цвет. Ответить уточнить полевой висеть палка.
14	Новости для нуждающихся	260	2023-10-31 12:20:29+05	Развитый перебивать светило палец. Эпоха а поколение трясти.\nЗима вперед выразить. Аж разнообразный возникновение художественный нож. Запустить палка банк сустав еврейский шлем монета банда.
15	Новости в спорте	261	2025-02-26 06:27:33+05	Запустить бровь отражение. Решение песня засунуть войти деньги наступать жить медицина. Еврейский металл оборот виднеться потянуться поговорить.
16	Факты в экологии	262	2024-06-30 01:24:05+05	Понятный сопровождаться адвокат солнце необычный дьявол. Рай подземный четко настать сустав.\nЛевый что забирать спасть функция торопливый. Металл грустный парень отражение зеленый.
17	Советы для нуждающихся	263	2025-02-13 03:20:57+05	Набор светило соответствие витрина спалить тревога мелькнуть.\nКрыса дурацкий мимо факультет конструкция. Парень природа витрина забирать дрогнуть реклама.
18	Советы в науке	264	2023-09-10 22:50:28+05	Мера цепочка конструкция освобождение медицина. Головка новый факультет демократия ленинград правый около. Невозможно светило разуметься растеряться терапия.
19	Факты в спорте	265	2024-10-27 18:37:09+05	Выбирать применяться слишком боец приятель. Пропасть грудь спасть волк налево.
20	Советы в экологии	266	2025-01-29 08:49:08+05	Прежде беспомощный за набор. Коллектив грустный интеллектуальный единый тысяча бабочка естественный.\nОтветить порт оставить один. Достоинство изредка поговорить правление заведение интеллектуальный.
21	Факты для детей	267	2023-11-19 23:31:30+05	Бригада перебивать приходить. Выражение легко столетие граница правление. Спалить изредка вообще чувство спасть близко пламя.
22	Факты для детей	268	2023-11-08 12:05:19+05	Упор расстегнуть табак кожа материя встать. Лететь цель другой торопливый горький. Художественный художественный еврейский изучить рабочий.
23	Новости для детей	269	2024-05-12 04:32:07+05	Заявление фонарик полевой монета вскакивать четко. Серьезный холодно самостоятельно кпсс. Покидать дорогой порог заплакать жить свежий выражение.
24	Факты для животных	270	2025-04-19 08:48:03+05	Сутки падаль невыносимый присесть спасть актриса. Художественный покидать фонарик аллея зато выразить. Неудобно дыхание снимать новый.
25	Факты в культуре	271	2025-01-15 05:42:09+05	Хлеб тюрьма порода ставить назначить непривычный. Пропаганда мальчишка вздрагивать витрина ручей.
26	Новости в медицине	272	2025-03-11 15:14:56+05	Бабочка банк беспомощный термин. Блин лететь советовать устройство. Число передо июнь приятель.\nЛенинград трясти смеяться построить передо приятель художественный иной.
27	Новости в спорте	273	2025-01-28 20:32:38+05	Куча неожиданный зачем ставить устройство дорогой. Цепочка теория точно пропаганда встать. Военный возмутиться мусор вчера.\nВисеть основание протягивать спешить сбросить премьера пасть.
28	Факты для животных	274	2024-08-07 02:07:06+05	Издали витрина порт плод. Отдел порт пространство пересечь важный жестокий. Торговля зато чем премьера присесть.
29	Новости для нуждающихся	275	2024-03-29 10:26:06+05	Снимать покидать неожиданный. Пропадать около спешить означать упорно.
30	Новости в спорте	276	2025-02-17 02:19:49+05	Поймать пропасть тревога мальчишка солнце что крутой. Славный падаль потрясти ответить мгновение посвятить очутиться.\nУточнить табак функция промолчать. Тысяча вряд район народ прощение.
31	Советы в культуре	277	2024-07-16 17:19:35+05	Волк бегать бабочка коричневый мера ботинок каюта. Правление спасть социалистический.
32	Советы в искусстве	278	2023-07-17 23:24:56+05	Место вообще да витрина. Мгновение приятель сопровождаться головка запустить присесть что степь. Цвет теория сохранять число господь.
33	Советы в культуре	279	2023-09-13 14:50:28+05	Заведение призыв ремень торопливый ведь. Лететь цвет триста коммунизм изучить правильный достоинство.\nРебятишки ведь носок применяться боец. Ручей собеседник головка.
34	Новости для нуждающихся	280	2025-03-24 21:15:54+05	Решетка уточнить рай. Соответствие бегать космос решение жить. Кожа неожиданно сомнительный плавно.
35	Факты для детей	281	2023-10-01 09:33:20+05	Свежий счастье освободить угодный неправда порядок падаль. Развитый заявление добиться мучительно засунуть ныне. Свежий болото низкий приходить.\nПоставить прошептать одиннадцать функция.
36	Факты для животных	282	2023-11-15 14:18:02+05	Пространство горький сопровождаться палец дорогой сутки вывести. Художественный команда светило запустить правление. Приятель эффект пересечь поезд парень.
37	Факты для животных	283	2023-09-17 17:42:16+05	Выраженный еврейский добиться. Свежий неожиданный бровь. Рабочий фонарик лететь дыхание постоянный реклама рай.
38	Факты в экологии	284	2025-02-12 01:54:02+05	Солнце крутой важный. Кольцо падаль провал боец недостаток темнеть. Строительство запеть ответить самостоятельно чем господь протягивать правый.
39	Советы в культуре	285	2023-11-09 17:04:06+05	Успокоиться зато пятеро. Еврейский палец висеть вытаскивать изображать. Господь остановить рассуждение отдел.\nПокинуть командующий снимать костер. Проход фонарик пропаганда аж.
40	Новости в спорте	286	2025-02-26 11:34:31+05	Похороны запеть пересечь тяжелый человечек крутой каюта. Невозможно белье через угроза зато аллея смеяться.\nНаправо монета горький палец. Упор головка инвалид бабочка трясти прежний прелесть.
41	Факты в спорте	287	2025-02-27 08:12:34+05	Боец материя следовательно факультет. Дружно актриса правый трубка торговля инструкция спешить.
42	Советы в искусстве	288	2024-03-16 12:29:26+05	Народ аж желание миг угроза. Князь посвятить блин исполнять указанный. Выгнать казнь левый песенка.
43	Новости для животных	289	2024-01-29 18:42:46+05	Назначить висеть помолчать. Ход встать невозможно металл триста похороны. Вскакивать горький дрогнуть выраженный.
44	Советы для животных	290	2024-11-05 22:34:05+05	Достоинство настать коллектив неправда. Сходить поезд невыносимый выраженный. Привлекать вариант добиться приятель.
45	Новости для детей	291	2023-12-03 19:15:07+05	Спорт упор самостоятельно. Коммунизм при салон счастье мучительно.\nМонета присесть секунда головка один затянуться багровый. Приятель доставать бригада секунда сверкающий ботинок.
46	Советы в спорте	292	2023-08-21 10:33:05+05	Приятель расстройство запустить инвалид единый угроза. Расстройство дыхание куча блин сходить разнообразный.
47	Факты для детей	293	2025-06-03 22:45:37+05	Проход кольцо беспомощный прощение. Солнце выразить результат настать низкий выкинуть. Грустный возможно зачем горький магазин зеленый.
48	Советы в науке	294	2025-01-22 16:03:31+05	Банк мелочь решетка важный витрина витрина кузнец. Функция вздрагивать советовать задрать.\nУслать прелесть разуметься школьный бровь.
49	Новости в медицине	295	2023-10-19 18:46:53+05	Жидкий карман плясать юный расстройство бровь. Сутки социалистический прежний пересечь. Пробовать непривычный интернет научить да разнообразный дрогнуть.
50	Новости для нуждающихся	296	2025-05-31 06:11:04+05	Домашний растеряться чувство. Функция выразить доставать танцевать. Торговля спорт ныне беспомощный рай.
51	Факты в науке	297	2023-07-08 19:40:28+05	Зачем очередной выдержать механический граница волк виднеться. Премьера сутки рис художественный скрытый.
52	Советы для нуждающихся	298	2025-01-23 14:30:44+05	Угроза близко висеть картинка. Наслаждение лапа степь отдел очередной одиннадцать. Деловой новый ребятишки карандаш дрогнуть манера выгнать. Спешить граница висеть триста добиться свежий.
53	Советы в медицине	299	2024-02-19 23:06:29+05	Беспомощный чем мера торговля. Правильный передо командир танцевать спешить. Смелый виднеться миф вскинуть холодно наткнуться поздравлять.
54	Советы для нуждающихся	300	2024-10-22 18:34:05+05	Услать соответствие ботинок.\nКузнец армейский полюбить вообще. Заявление доставать лиловый необычный. Художественный монета карман.
55	Факты в медицине	301	2024-08-27 09:05:01+05	Социалистический цвет светило оставить функция. Космос лиловый палата торговля. Князь деньги ребятишки растеряться редактор спасть ломать перебивать.\nОчередной академик выражаться рис.
56	Факты для нуждающихся	302	2025-04-08 00:43:23+05	Кузнец прежний посвятить спичка юный ребятишки следовательно. Намерение намерение услать сомнительный материя.
57	Новости в культуре	303	2024-08-31 22:30:17+05	Самостоятельно заявление процесс ребятишки. Кольцо совещание пламя неудобно ложиться тревога жестокий. Зато сверкающий находить премьера.
58	Новости в экологии	59	2024-12-07 19:43:54+05	Выражение роса жидкий самостоятельно. Банк заведение терапия. Да пламя пробовать пропасть спалить мера товар.
59	Факты в экологии	304	2024-06-14 18:21:17+05	Пространство социалистический полоска даль рай. Прелесть самостоятельно житель багровый. Мальчишка функция вывести цель набор.
60	Новости в экологии	305	2024-05-05 03:55:12+05	Банк мучительно анализ прежде выдержать мгновение.\nСоветовать задержать да болото наткнуться выражение. Соответствие задержать спасть угол бригада заложить. Упор левый намерение металл пробовать.
61	Советы для животных	306	2024-07-22 14:54:54+05	Заявление монета смеяться угроза издали очутиться.\nЖить слишком обида беспомощный неправда бетонный. Витрина выражаться разводить аж господь.
62	Новости в искусстве	307	2023-06-20 12:54:00+05	Карман мальчишка гулять мягкий некоторый крыса. Услать наслаждение посвятить угодный товар пламя коробка.
63	Новости в науке	308	2024-12-17 13:15:52+05	Вообще механический направо славный. Падаль неудобно построить район голубчик трясти. Легко беспомощный видимо вывести трубка изба терапия.
64	Советы в спорте	309	2025-04-08 15:47:10+05	Второй роскошный умолять зато провинция сверкать. Волк ученый прежний лапа металл подземный.\nЛететь июнь угодный демократия более. Неудобно тревога провал карман.
65	Новости для нуждающихся	310	2024-10-24 16:59:57+05	Спичка исполнять солнце применяться развернуться команда передо. Пропасть сустав запеть цепочка налоговый.
66	Советы в искусстве	311	2024-06-18 00:53:36+05	Плавно кпсс равнодушный кузнец неправда спичка вывести. Кожа дремать способ единый сынок освободить. Близко коробка рабочий совет бровь тута нервно.
67	Советы для животных	312	2025-05-04 01:59:12+05	Падать место сходить иной. Дорогой горький передо манера результат.\nОснование неправда ложиться очередной четыре. Дрогнуть миф художественный вздрагивать. Дьявол анализ сбросить торговля.
68	Факты в медицине	313	2024-03-20 07:32:49+05	Тяжелый карман протягивать солнце вскакивать вариант. Второй багровый вытаскивать правый адвокат банк степь. Четыре пропаганда степь один прежде товар совещание функция.
69	Советы для животных	314	2024-09-17 22:34:21+05	Зарплата пастух школьный полюбить мелькнуть. Торговля командующий угол совещание расстройство выгнать место.\nГоловной желание приятель. Девка смеяться каюта пространство бегать.
70	Советы для животных	315	2024-02-03 09:52:34+05	Рассуждение песенка разводить ведь естественный.\nСынок дружно остановить бровь. Функция головка изредка наслаждение налево равнодушный задрать.
71	Факты в медицине	316	2025-04-14 03:28:14+05	Пища ботинок уничтожение правление.
72	Факты в спорте	317	2023-11-20 12:02:26+05	Гулять приятель упор смертельный естественный аж заявление. Гулять витрина потрясти бок куча мрачно правильный мусор. Присесть бригада термин вообще достоинство.
73	Новости в медицине	318	2023-10-31 19:02:38+05	Растеряться пламя задрать посвятить возможно. Райком иной результат песня прелесть зато горький. Фонарик умолять решение равнодушный что житель лапа разуметься.
74	Советы для нуждающихся	319	2025-03-10 12:46:16+05	Металл выразить князь дурацкий налево ночь. Бегать монета стакан секунда демократия.\nДьявол счастье развернуться ложиться.\nНазначить печатать вообще монета. Теория засунуть свежий угодный.
75	Новости для животных	320	2025-03-15 20:18:31+05	Около сынок ход медицина.\nКнязь пробовать правление художественный. Порог болото упор выражаться точно.
76	Советы в культуре	321	2025-02-04 05:51:56+05	Домашний разуметься торговля. Носок неправда падать прошептать. Академик успокоиться солнце через. Пасть аллея приходить монета.
77	Новости в науке	91	2024-12-05 12:25:03+05	Кольцо разнообразный привлекать роскошный одиннадцать присесть. Выражаться палка невыносимый число смелый трубка металл. Ленинград ответить плавно возможно кузнец.
78	Советы в экологии	322	2024-01-26 12:45:49+05	Трубка назначить армейский одиннадцать демократия заплакать поймать.
79	Факты в науке	323	2025-03-14 19:03:57+05	Армейский бровь дрогнуть лететь славный. Отъезд академик аж наткнуться господь парень тяжелый основание. Художественный тюрьма горький пропасть пространство очередной.
80	Советы в медицине	324	2025-05-30 12:33:19+05	Выражение военный жить пропаганда успокоиться витрина постоянный светило. Вывести спалить медицина изменение.
81	Советы для животных	325	2024-12-12 20:23:53+05	Команда сопровождаться командир пространство приятель.\nСутки зима лететь построить космос ставить отражение. Применяться серьезный сверкать провал выражаться.
82	Новости для животных	326	2023-09-14 09:29:26+05	Счастье столетие висеть соответствие радость магазин. Около тесно ставить.
83	Факты в науке	66	2023-11-21 00:55:26+05	Сверкать оставить непривычный вчера провинция заявление настать. Увеличиваться неправда наступать разнообразный песенка.
84	Советы в экологии	327	2024-12-27 22:19:31+05	Другой торговля карман нажать. Идея житель ложиться ответить медицина. Столетие вскинуть выбирать мимо.
85	Новости в культуре	75	2024-09-06 08:02:12+05	Отдел выраженный научить хлеб разнообразный дремать. Карман прежний падать скрытый. Карандаш выбирать райком горький.
86	Советы для нуждающихся	328	2025-06-01 18:55:05+05	Изба а дошлый потянуться. Торговля степь монета медицина.\nЧувство плод потрясти сверкающий ребятишки ныне. Девка голубчик висеть костер передо штаб манера валюта.
87	Новости в науке	329	2025-05-17 23:08:07+05	Тусклый роса что мера. Премьера человечек выразить потрясти избегать.\nБлизко неправда пропаганда угол за. Аж даль мера точно космос. Карман промолчать табак ныне сынок.
88	Новости для детей	330	2024-01-25 19:29:03+05	Бабочка заработать пространство выбирать школьный дорогой деловой. Подземный грудь покидать число пропасть шлем.
89	Факты для нуждающихся	331	2023-09-09 21:38:46+05	Пропадать заявление плавно манера реклама слишком указанный витрина. Бак человечек оставить.
90	Факты в науке	332	2025-05-16 20:38:07+05	Трубка назначить нож разводить господь кольцо пасть.\nОсвобождение очко адвокат помолчать механический. Вскинуть необычный банк.
91	Советы для животных	333	2024-06-05 21:48:25+05	Ботинок правый похороны покидать пища падаль реклама. Волк грудь куча жидкий. Доставать достоинство дрогнуть табак.\nРасстегнуть дорогой зима. Волк ночь славный сверкать холодно.
92	Факты в спорте	334	2024-07-08 19:30:26+05	Зима заработать пропадать низкий строительство. Экзамен перебивать командование недостаток столетие разводить.
93	Советы в искусстве	335	2024-10-26 07:41:23+05	Адвокат решетка присесть хозяйка смелый термин. Ведь дошлый обида тюрьма беспомощный.
94	Советы в науке	336	2024-03-10 13:18:59+05	Функция вскакивать мотоцикл терапия передо. Около помимо парень неправда вообще слишком. Хотеть реклама зато правильный дрогнуть.\nНочь коллектив табак ход торговля назначить неправда освобождение.
95	Факты для нуждающихся	337	2025-03-15 03:55:02+05	Опасность ботинок четко миллиард хлеб. Отъезд страсть холодно остановить грудь. Горький багровый сутки армейский дыхание угодный ремень.
96	Факты в культуре	338	2023-09-18 15:59:33+05	Художественный возможно бегать решение некоторый светило носок прелесть. Оборот стакан зарплата металл налоговый. Командир космос расстегнуть потом пища рота витрина близко.
97	Советы в искусстве	339	2024-12-01 20:09:43+05	Кпсс чем июнь. Висеть тяжелый порядок точно жить. Неудобно художественный медицина грудь райком танцевать. Носок покидать набор услать.
98	Факты в науке	340	2024-09-29 23:50:16+05	Сомнительный мотоцикл приятель. Бочок что мягкий. Исследование приличный развитый сынок.
99	Советы в экологии	341	2024-09-19 11:09:26+05	Бригада смелый расстегнуть выдержать. Райком изредка понятный слать вздрагивать дыхание инвалид.
100	Факты в культуре	342	2024-11-29 04:21:11+05	Поздравлять цвет пятеро. Четко термин коммунизм инвалид полевой дорогой мусор еврейский.\nТруп невозможно присесть магазин. Юный налево господь роса дальний.
101	Новости для животных	343	2025-01-11 09:34:23+05	Призыв коллектив результат угол самостоятельно коммунизм.\nРебятишки видимо падать порт белье июнь порядок. Бровь рота войти адвокат коробка выдержать. Терапия порт спорт.
102	Новости для животных	344	2024-12-13 05:26:57+05	Рота коллектив карман мелочь смелый исполнять. Миллиард вряд поезд полностью рассуждение горький.\nВыражаться головка естественный карандаш деловой. Конференция крыса более коммунизм желание.
103	Советы в экологии	345	2024-05-02 12:49:28+05	Следовательно кидать ложиться. Указанный пропасть степь построить. Выкинуть налоговый ход жить.
\.


--
-- Data for Name: Charities; Type: TABLE DATA; Schema: public; Owner: postgres
--

COPY public."Charities" ("CharityId", "Name", "Description", "ContactInfo", "Username", "PasswordHash") FROM stdin;
1	Никонов Лимитед	\N	\N	\N	\N
2	Смирнов Инк	\N	\N	\N	\N
3	НПО «Марков Анисимов»	\N	\N	\N	\N
4	ОАО «Цветкова, Муравьева и Беляева»	\N	\N	\N	\N
5	РАО «Никифоров-Самсонова»	\N	\N	\N	\N
6	АО «Трофимова-Орехова»	\N	\N	\N	\N
7	АО «Ильин, Доронина и Дмитриева»	\N	\N	\N	\N
8	Кошелева Групп	\N	\N	\N	\N
9	Сафонова Лтд	\N	\N	\N	\N
10	Ман Трак Энд Бас Рус (Volkswagen)	\N	\N	\N	\N
11	Эбботт лэбораториз (Abbott Laboratories)	\N	\N	\N	\N
12	Нефтьмагистраль	\N	\N	\N	\N
13	НПО «Дьячкова, Корнилова и Потапов»	\N	\N	\N	\N
14	НПО «Фролов, Туров и Сергеев»	\N	\N	\N	\N
15	ИП «Мухин, Родионов и Шубин»	\N	\N	\N	\N
16	НПО «Воробьева Юдин»	\N	\N	\N	\N
17	ОАО «Емельянов»	\N	\N	\N	\N
18	Архангельский ЦБК	\N	\N	\N	\N
19	ЗАО «Кулагин»	\N	\N	\N	\N
20	КДВ Групп	\N	\N	\N	\N
21	ЗАО «Субботина Степанова»	\N	\N	\N	\N
22	АО «Устинова-Лихачев»	\N	\N	\N	\N
23	ЗАО «Иванова Нестерова»	\N	\N	\N	\N
24	ЗАО «Зиновьев Трофимова»	\N	\N	\N	\N
25	АО «Жданова Тихонова»	\N	\N	\N	\N
26	ОАО «Ковалева»	\N	\N	\N	\N
27	НПО «Беляева Большакова»	\N	\N	\N	\N
28	НПО «Ильина»	\N	\N	\N	\N
29	АО «Власова»	\N	\N	\N	\N
30	ИП «Назарова»	\N	\N	\N	\N
31	НПО «Павлов-Кузнецов»	\N	\N	\N	\N
32	ИП «Ларионова Брагин»	\N	\N	\N	\N
33	АО «Елисеева, Стрелков и Сысоева»	\N	\N	\N	\N
34	РАО «Давыдова-Романов»	\N	\N	\N	\N
35	ООО «Федотов, Баранов и Ситникова»	\N	\N	\N	\N
36	Астеллас Фарма	\N	\N	\N	\N
37	РАО «Суворова-Одинцов»	\N	\N	\N	\N
38	АО «Казаков Максимова»	\N	\N	\N	\N
39	ИП «Павлова, Беляева и Суворов»	\N	\N	\N	\N
40	ОАО «Родионов Иванов»	\N	\N	\N	\N
41	ООО «Григорьева»	\N	\N	\N	\N
42	Родионов Лимитед	\N	\N	\N	\N
43	Дьячкова и партнеры	\N	\N	\N	\N
44	ИП «Гусева, Щербаков и Третьякова»	\N	\N	\N	\N
45	НПО «Андреева, Родионова и Григорьев»	\N	\N	\N	\N
46	АО «Мартынова Мухин»	\N	\N	\N	\N
47	ОАО «Власов»	\N	\N	\N	\N
48	ООО «Захарова, Лихачева и Никитина»	\N	\N	\N	\N
49	ИП «Сазонова»	\N	\N	\N	\N
50	Николаева Инкорпорэйтед	\N	\N	\N	\N
51	ИП «Пахомова, Селезнев и Игнатова»	\N	\N	\N	\N
52	Русэнергоресурс	\N	\N	\N	\N
53	НПО «Исаев-Лукин»	\N	\N	\N	\N
54	НПО «Якушева Федотова»	\N	\N	\N	\N
55	ООО «Сидоров»	\N	\N	\N	\N
56	Соболев Групп	\N	\N	\N	\N
57	ООО «Осипова-Щербакова»	\N	\N	\N	\N
58	НПО «Антонова Белова»	\N	\N	\N	\N
59	Банковский холдинг Альфа-банка	\N	\N	\N	\N
60	171 Меридиан	\N	\N	\N	\N
61	ИП «Лазарева Егорова»	\N	\N	\N	\N
62	ООО «Бирюкова-Игнатова»	\N	\N	\N	\N
63	Белов Лимитед	\N	\N	\N	\N
64	РАО «Евдокимов-Кошелева»	\N	\N	\N	\N
65	РАО «Соловьев, Зуева и Мамонтова»	\N	\N	\N	\N
66	Промсвязьбанк	\N	\N	\N	\N
67	ИП «Терентьева, Суворова и Нестеров»	\N	\N	\N	\N
68	ИП «Савельева Гусев»	\N	\N	\N	\N
69	РАО «Гришина Мамонтова»	\N	\N	\N	\N
70	ООО «Рожкова»	\N	\N	\N	\N
71	ОАО «Данилова Уваров»	\N	\N	\N	\N
72	РАО «Петухов, Сазонов и Сидорова»	\N	\N	\N	\N
73	М Фэшн	\N	\N	\N	\N
74	ООО «Смирнова Анисимов»	\N	\N	\N	\N
75	Хенкель Рус (Henkel)	\N	\N	\N	\N
76	ЗАО «Муравьева, Брагина и Блохина»	\N	\N	\N	\N
77	РАО «Голубева»	\N	\N	\N	\N
78	НК Дулисьма	\N	\N	\N	\N
79	ЧТПЗ	\N	\N	\N	\N
80	ООО «Мартынов-Коновалова»	\N	\N	\N	\N
81	ООО «Белозеров»	\N	\N	\N	\N
82	Жуков Инкорпорэйтед	\N	\N	\N	\N
83	ООО «Воробьев, Осипов и Субботина»	\N	\N	\N	\N
84	ООО «Максимова, Баранов и Гришина»	\N	\N	\N	\N
85	РАО «Абрамова, Прохорова и Белова»	\N	\N	\N	\N
86	ОАО «Горшков-Горбунов»	\N	\N	\N	\N
87	АО «Семенова-Маркова»	\N	\N	\N	\N
88	ОАО «Мамонтов Одинцов»	\N	\N	\N	\N
89	ОАО «Владимирова»	\N	\N	\N	\N
90	ГК ЕКС	\N	\N	\N	\N
91	Вирлпул Рус (Whirlpool)	\N	\N	\N	\N
92	ЗАО «Александров, Кудрявцев и Коновалова»	\N	\N	\N	\N
93	Волкова и партнеры	\N	\N	\N	\N
94	АвтоГермес	\N	\N	\N	\N
95	Зимина Инкорпорэйтед	\N	\N	\N	\N
96	АО «Кудрявцева»	\N	\N	\N	\N
97	Таграс (ТНГ-Групп)	\N	\N	\N	\N
98	АО «Крылова»	\N	\N	\N	\N
99	РАО «Филиппов»	\N	\N	\N	\N
100	Остин	\N	\N	\N	\N
101	ООО «Смирнова, Быкова и Макаров»	\N	\N	\N	\N
102	ООО «Яковлева Самсонов»	\N	\N	\N	\N
103	Авиакомпания ЮТэйр	\N	\N	\N	\N
104	РАО «Блинов»	\N	\N	\N	\N
105	ЗАО «Суханова-Маслов»	\N	\N	\N	\N
106	РАО «Мартынов, Анисимова и Ефремова»	\N	\N	\N	\N
107	ИП «Моисеев Мартынов»	\N	\N	\N	\N
108	Ситников Лтд	\N	\N	\N	\N
109	ОАО «Сысоева Поляков»	\N	\N	\N	\N
110	ОАО «Пономарева, Дьячков и Гришина»	\N	\N	\N	\N
111	Шестакова Групп	\N	\N	\N	\N
112	НПО «Лебедев-Родионов»	\N	\N	\N	\N
113	АО «Антонов, Фомичев и Воробьева»	\N	\N	\N	\N
114	ООО «Силина Бирюков»	\N	\N	\N	\N
115	Лаврентьев Лимитед	\N	\N	\N	\N
116	ООО «Маркова-Королева»	\N	\N	\N	\N
117	РАО «Крылов-Соболев»	\N	\N	\N	\N
118	ИП «Ширяева-Ильин»	\N	\N	\N	\N
119	РАО «Лазарев, Дементьев и Ершова»	\N	\N	\N	\N
120	Жданова Инк	\N	\N	\N	\N
121	АО «Михеев-Титов»	\N	\N	\N	\N
122	ОАО «Сазонов, Гуляев и Кулагин»	\N	\N	\N	\N
123	ООО «Галкин-Белоусова»	\N	\N	\N	\N
124	ИП «Алексеев»	\N	\N	\N	\N
125	ИП «Комиссарова, Федоров и Быкова»	\N	\N	\N	\N
126	Игнатьев Лимитед	\N	\N	\N	\N
127	Беспалова Инкорпорэйтед	\N	\N	\N	\N
128	РАО «Зуев-Агафонова»	\N	\N	\N	\N
129	Шашков Групп	\N	\N	\N	\N
130	Волгоградэнергосбыт	\N	\N	\N	\N
131	ПК Балтика (Carlsbergfondet)	\N	\N	\N	\N
132	НПО «Казаков Александров»	\N	\N	\N	\N
133	НПО «Кузнецова»	\N	\N	\N	\N
134	Ларионова Инкорпорэйтед	\N	\N	\N	\N
135	АО «Русаков, Лукина и Брагина»	\N	\N	\N	\N
136	РАО «Тарасов»	\N	\N	\N	\N
137	ИП «Яковлева»	\N	\N	\N	\N
138	ИП «Антонова, Фокина и Тимофеев»	\N	\N	\N	\N
139	Кабанов Лимитед	\N	\N	\N	\N
140	АО «Прохоров-Денисов»	\N	\N	\N	\N
141	ИП «Лукин-Фомичева»	\N	\N	\N	\N
142	ООО «Тимофеев, Дорофеева и Брагина»	\N	\N	\N	\N
143	ЗАО «Пестов Лобанова»	\N	\N	\N	\N
144	UCL Holding	\N	\N	\N	\N
145	Кузьмин Лтд	\N	\N	\N	\N
146	ОАО «Моисеева Шарова»	\N	\N	\N	\N
147	ИП «Мельникова Костина»	\N	\N	\N	\N
148	ЗАО «Ефремова Петров»	\N	\N	\N	\N
149	ИП «Капустин-Тимофеев»	\N	\N	\N	\N
150	ЗАО «Пестова»	\N	\N	\N	\N
151	НПО «Сидоров Агафонова»	\N	\N	\N	\N
152	НПО «Исакова, Лебедева и Степанова»	\N	\N	\N	\N
153	ОАО «Макаров-Евдокимов»	\N	\N	\N	\N
154	ЗАО «Наумов»	\N	\N	\N	\N
155	Либхерр-Русланд (Liebherr)	\N	\N	\N	\N
156	ОАО «Ершова Матвеев»	\N	\N	\N	\N
157	ИП «Зыкова-Коновалов»	\N	\N	\N	\N
158	Мосводоканал	\N	\N	\N	\N
159	ОАО «Шубин-Муравьева»	\N	\N	\N	\N
160	Магнолия	\N	\N	\N	\N
161	РАО «Суханова, Копылов и Максимов»	\N	\N	\N	\N
162	ОАО «Белова-Ковалева»	\N	\N	\N	\N
163	ГК Эфко	\N	\N	\N	\N
164	ТД Ункомтех	\N	\N	\N	\N
165	ЗАО «Зыкова»	\N	\N	\N	\N
166	ИП «Горбунова Беляев»	\N	\N	\N	\N
167	РАО «Александрова, Соболева и Самойлова»	\N	\N	\N	\N
168	Комос Групп	\N	\N	\N	\N
169	Трансмашхолдинг	\N	\N	\N	\N
170	АО «Пахомов, Пестова и Мухин»	\N	\N	\N	\N
171	ЗАО «Савина-Шаров»	\N	\N	\N	\N
172	НПО «Большаков Назарова»	\N	\N	\N	\N
173	РАО «Якушев»	\N	\N	\N	\N
174	ООО «Шарова»	\N	\N	\N	\N
175	АО «Игнатьева-Стрелкова»	\N	\N	\N	\N
176	ЗАО «Зимина, Гущина и Марков»	\N	\N	\N	\N
177	АО «Архипова, Носов и Титов»	\N	\N	\N	\N
178	ИП «Дроздов, Горбачев и Филиппов»	\N	\N	\N	\N
179	ООО «Ковалев, Комарова и Потапов»	\N	\N	\N	\N
180	РАО «Емельянова Дементьев»	\N	\N	\N	\N
181	ОАО «Овчинникова Мишина»	\N	\N	\N	\N
182	Техинком	\N	\N	\N	\N
183	Новартис Фарма (Novartis)	\N	\N	\N	\N
184	РАО «Суханова-Абрамов»	\N	\N	\N	\N
185	Наумова Групп	\N	\N	\N	\N
186	Прогресс	\N	\N	\N	\N
187	Горбачев Инкорпорэйтед	\N	\N	\N	\N
188	Горбунова Групп	\N	\N	\N	\N
189	Самойлова Групп	\N	\N	\N	\N
190	ИП «Якушев Сафонова»	\N	\N	\N	\N
191	ОАО «Власова Терентьева»	\N	\N	\N	\N
192	ОАО «Дорофеев»	\N	\N	\N	\N
193	Громова и партнеры	\N	\N	\N	\N
194	АО «Якушев Никитин»	\N	\N	\N	\N
195	Восток-Запад	\N	\N	\N	\N
196	ОАО «Крюкова»	\N	\N	\N	\N
197	Субботина Инкорпорэйтед	\N	\N	\N	\N
198	РАО «Андреева»	\N	\N	\N	\N
199	ООО «Суханова Шашкова»	\N	\N	\N	\N
200	НПО «Кондратьева»	\N	\N	\N	\N
201	ИП «Блохин-Аксенов»	\N	\N	\N	\N
202	Лебедев Инкорпорэйтед	\N	\N	\N	\N
203	ИП «Панов-Шарапова»	\N	\N	\N	\N
204	НПО «Морозов-Наумова»	\N	\N	\N	\N
205	Белякова Инк	\N	\N	\N	\N
206	АО «Шарова, Евдокимова и Кузьмин»	\N	\N	\N	\N
207	Фармимэкс	\N	\N	\N	\N
208	АО «Веселова Карпова»	\N	\N	\N	\N
209	АО «Ермакова, Герасимов и Якушев»	\N	\N	\N	\N
210	Титова Инкорпорэйтед	\N	\N	\N	\N
211	Тетерин и партнеры	\N	\N	\N	\N
212	ПСК	\N	\N	\N	\N
213	ООО «Горбунов, Андреев и Нестерова»	\N	\N	\N	\N
214	ЗАО «Куликов-Сазонов»	\N	\N	\N	\N
215	ОАО «Ефимов»	\N	\N	\N	\N
216	Шилов Инк	\N	\N	\N	\N
217	ОАО «Нестеров Лапин»	\N	\N	\N	\N
218	АО «Денисов-Суворов»	\N	\N	\N	\N
219	РАО «Титов»	\N	\N	\N	\N
220	Русакова Лтд	\N	\N	\N	\N
221	РАО «Рогов Михеев»	\N	\N	\N	\N
222	НПО «Хохлов Никитина»	\N	\N	\N	\N
223	Анисимов Групп	\N	\N	\N	\N
224	ЗАО «Кононова Калинина»	\N	\N	\N	\N
225	НПО «Веселова, Пахомова и Трофимов»	\N	\N	\N	\N
226	ООО «Пахомов-Шарова»	\N	\N	\N	\N
227	ОАО «Зиновьев, Семенова и Исаева»	\N	\N	\N	\N
228	ИП «Мамонтова»	\N	\N	\N	\N
229	ИП «Бобров, Поляков и Брагина»	\N	\N	\N	\N
230	ИП «Игнатьев, Суханова и Молчанов»	\N	\N	\N	\N
231	НПО «Дмитриева Яковлева»	\N	\N	\N	\N
232	ОАО «Данилов»	\N	\N	\N	\N
233	НПО «Сидорова, Авдеева и Потапова»	\N	\N	\N	\N
234	АО «Гущин, Лихачева и Кабанов»	\N	\N	\N	\N
235	ООО «Кононова»	\N	\N	\N	\N
236	ЗАО «Ларионова-Жданова»	\N	\N	\N	\N
237	ЗАО «Турова»	\N	\N	\N	\N
238	Горбунова Инк	\N	\N	\N	\N
239	ТОАЗ	\N	\N	\N	\N
240	ИП «Зимин Исаева»	\N	\N	\N	\N
241	ЗАО «Ильина»	\N	\N	\N	\N
242	ООО «Белякова, Карпова и Соколова»	\N	\N	\N	\N
243	АО «Прохоров-Романов»	\N	\N	\N	\N
244	БАСФ (BASF)	\N	\N	\N	\N
245	ООО «Дмитриев-Корнилова»	\N	\N	\N	\N
246	Симонов Лимитед	\N	\N	\N	\N
247	ИП «Крылов Шарова»	\N	\N	\N	\N
248	ЗАО «Осипов, Третьякова и Носкова»	\N	\N	\N	\N
249	Example Charity	\N	\N	\N	\N
250	ИП «Зайцев»	\N	\N	\N	\N
251	НПО «Галкин»	\N	\N	\N	\N
252	ООО «Афанасьева»	\N	\N	\N	\N
253	Протек	\N	\N	\N	\N
254	ЗАО «Пономарев-Гришина»	\N	\N	\N	\N
255	Титан	\N	\N	\N	\N
256	ИП «Воронова-Лебедев»	\N	\N	\N	\N
257	ООО «Журавлев»	\N	\N	\N	\N
258	АО «Карпов, Егоров и Блохин»	\N	\N	\N	\N
259	ИП «Воронова-Кириллов»	\N	\N	\N	\N
260	ОАО «Борисова Егоров»	\N	\N	\N	\N
261	Моисеев Лимитед	\N	\N	\N	\N
262	ЗАО «Симонов-Белова»	\N	\N	\N	\N
263	ЛокоТех	\N	\N	\N	\N
264	ИП «Щербаков-Логинова»	\N	\N	\N	\N
265	ОАО «Белов Дроздов»	\N	\N	\N	\N
266	СК Согласие	\N	\N	\N	\N
267	НПО «Кириллова-Кудряшов»	\N	\N	\N	\N
268	ОАО «Исаков»	\N	\N	\N	\N
269	АО «Филатова Моисеев»	\N	\N	\N	\N
270	ИП «Колобов-Смирнов»	\N	\N	\N	\N
271	Ситибанк	\N	\N	\N	\N
272	НПО «Александрова Шубина»	\N	\N	\N	\N
273	Назарова и партнеры	\N	\N	\N	\N
274	Авилон АГ	\N	\N	\N	\N
275	ООО «Кулагина-Гусев»	\N	\N	\N	\N
276	Полякова Лимитед	\N	\N	\N	\N
277	ЗАО «Суханов, Кириллов и Ефремов»	\N	\N	\N	\N
278	АО «Дмитриева»	\N	\N	\N	\N
279	ОАО «Некрасов, Миронов и Овчинников»	\N	\N	\N	\N
280	РАО «Горшков Кудряшов»	\N	\N	\N	\N
281	ИП «Медведев Одинцова»	\N	\N	\N	\N
282	Степанов Инк	\N	\N	\N	\N
283	Уральский банк реконструкции и развития	\N	\N	\N	\N
284	ЗАО «Дмитриев Носова»	\N	\N	\N	\N
285	ИП «Елисеева-Шестаков»	\N	\N	\N	\N
286	Яндекс	\N	\N	\N	\N
287	ЗАО «Сысоев, Михайлов и Якушева»	\N	\N	\N	\N
288	НПО «Терентьева, Пестов и Маслова»	\N	\N	\N	\N
289	ЗАО «Гришин Игнатов»	\N	\N	\N	\N
290	РАО «Князева-Шилова»	\N	\N	\N	\N
291	НПО «Савин-Рожков»	\N	\N	\N	\N
292	ОАО «Харитонова»	\N	\N	\N	\N
293	ОАО «Козлов-Некрасов»	\N	\N	\N	\N
294	ФосАгро	\N	\N	\N	\N
295	ИП «Баранова»	\N	\N	\N	\N
296	ООО «Галкина, Панфилова и Воронцов»	\N	\N	\N	\N
297	Зиновьев и партнеры	\N	\N	\N	\N
298	Государственная транспортная лизинговая компания	\N	\N	\N	\N
299	ОАО «Титов, Николаева и Колобов»	\N	\N	\N	\N
300	ООО «Михеева Мухина»	\N	\N	\N	\N
301	ООО «Кузьмин, Кудрявцева и Костин»	\N	\N	\N	\N
302	ЗАО «Кононова, Носков и Рожкова»	\N	\N	\N	\N
303	АО «Евсеев, Семенов и Рыбакова»	\N	\N	\N	\N
304	Адидас (Adidas)	\N	\N	\N	\N
305	ЗАО «Ситников Одинцов»	\N	\N	\N	\N
306	ЗАО «Гущина Меркушева»	\N	\N	\N	\N
307	Некрасова и партнеры	\N	\N	\N	\N
308	Щукин Групп	\N	\N	\N	\N
309	ИП «Воробьева Мясников»	\N	\N	\N	\N
310	АО «Сидоров Сысоев»	\N	\N	\N	\N
311	ЗАО «Ершов»	\N	\N	\N	\N
312	ИП «Мишин, Дементьев и Копылова»	\N	\N	\N	\N
313	ООО «Буров»	\N	\N	\N	\N
314	ЗАО «Родионов»	\N	\N	\N	\N
315	АО «Новиков-Стрелкова»	\N	\N	\N	\N
316	АБ Инбев Эфес (Anheuser-Busch Inbev)	\N	\N	\N	\N
317	Максимова Лимитед	\N	\N	\N	\N
318	НПО «Ситникова, Никонова и Фомичев»	\N	\N	\N	\N
319	Softline	\N	\N	\N	\N
320	Зуев Лимитед	\N	\N	\N	\N
321	Вектрум-К	\N	\N	\N	\N
322	РАО «Кошелева»	\N	\N	\N	\N
323	ООО «Николаев Степанова»	\N	\N	\N	\N
324	Силина Групп	\N	\N	\N	\N
325	Силовые машины	\N	\N	\N	\N
326	Анисимова Инк	\N	\N	\N	\N
327	ИП «Носов-Марков»	\N	\N	\N	\N
328	НПО «Гуляев»	\N	\N	\N	\N
329	НПО «Ершова»	\N	\N	\N	\N
330	НПО «Никифорова»	\N	\N	\N	\N
331	Промышленно-металлургический холдинг	\N	\N	\N	\N
332	Калашников Групп	\N	\N	\N	\N
333	ООО «Баранов, Тетерина и Лукина»	\N	\N	\N	\N
334	НПО «Быкова, Меркушев и Муравьева»	\N	\N	\N	\N
335	ОАО «Титова, Логинова и Кулаков»	\N	\N	\N	\N
336	Росморпорт	\N	\N	\N	\N
337	ЗАО «Блохин-Казакова»	\N	\N	\N	\N
338	Якушев Инк	\N	\N	\N	\N
339	Давыдов Групп	\N	\N	\N	\N
340	ИП «Виноградов Овчинников»	\N	\N	\N	\N
341	Международный аэропорт Шереметьево	\N	\N	\N	\N
342	Потапов Групп	\N	\N	\N	\N
343	ОАО «Крюков-Мамонтова»	\N	\N	\N	\N
344	ООО «Филиппова Никитин»	\N	\N	\N	\N
345	РАО «Михайлов Федотова»	\N	\N	\N	\N
\.


--
-- Data for Name: CharityPhotos; Type: TABLE DATA; Schema: public; Owner: postgres
--

COPY public."CharityPhotos" ("PhotoId", "CharityId", "PhotoBytes", "Description") FROM stdin;
\.


--
-- Data for Name: CharityProjects; Type: TABLE DATA; Schema: public; Owner: postgres
--

COPY public."CharityProjects" ("ProjectId", "Name", "Description", "PhoneNumber", "Reference", "CreditNumber", "StartDate", "EndDate", "CharityId") FROM stdin;
1	Образование для детей	Бак изредка терапия вздрагивать. Функция устройство основание торопливый находить означать.	81910315805	https://ru.wikipedia.org/wiki/%D0%91%D0%BB%D0%B0%D0%B3%D0%BE%D1%82%D0%B2%D0%BE%D1%80%D0%B8%D1%82%D0%B5%D0%BB%D1%8C%D0%BD%D0%BE%D1%81%D1%82%D1%8C	5028413522053406	2024-12-17 19:48:21+05	2026-05-11 17:52:53+05	1
2	Поддержка в медицине	Подземный а выкинуть монета коробка необычный крутой.\nБочок солнце услать штаб. Находить возможно какой вариант дремать. Новый добиться обида ложиться набор.	8 (053) 794-3711	https://ru.wikipedia.org/wiki/%D0%91%D0%BB%D0%B0%D0%B3%D0%BE%D1%82%D0%B2%D0%BE%D1%80%D0%B8%D1%82%D0%B5%D0%BB%D1%8C%D0%BD%D0%BE%D1%81%D1%82%D1%8C	6476781854450571	2023-07-16 17:32:47+05	2025-06-15 08:57:06+05	2
3	Развитие в спорте	Армейский художественный опасность смеяться да. Рабочий механический задержать танцевать домашний равнодушный правление. Коробка за понятный манера отметить достоинство четко.	+78205700788	https://ru.wikipedia.org/wiki/%D0%91%D0%BB%D0%B0%D0%B3%D0%BE%D1%82%D0%B2%D0%BE%D1%80%D0%B8%D1%82%D0%B5%D0%BB%D1%8C%D0%BD%D0%BE%D1%81%D1%82%D1%8C	4396346288010961	2025-06-11 01:52:44+05	2026-01-18 14:33:47+05	3
4	Содействие в экологии	Тысяча поговорить передо волк. Мера белье ботинок неудобно ночь жидкий дружно. Райком сынок демократия советовать неправда мелькнуть разуметься.	83290411921	https://ru.wikipedia.org/wiki/%D0%91%D0%BB%D0%B0%D0%B3%D0%BE%D1%82%D0%B2%D0%BE%D1%80%D0%B8%D1%82%D0%B5%D0%BB%D1%8C%D0%BD%D0%BE%D1%81%D1%82%D1%8C	4071412905983311	2024-02-18 23:50:35+05	2025-09-22 08:16:14+05	4
5	Забота в науке	Добиться тута спасть аж сверкать выбирать. Господь космос приятель заложить выражаться назначить ботинок. Беспомощный хозяйка полевой спешить цепочка.	+72318147962	https://ru.wikipedia.org/wiki/%D0%91%D0%BB%D0%B0%D0%B3%D0%BE%D1%82%D0%B2%D0%BE%D1%80%D0%B8%D1%82%D0%B5%D0%BB%D1%8C%D0%BD%D0%BE%D1%81%D1%82%D1%8C	4944251475567962	2025-03-09 09:06:40+05	2026-02-26 18:23:00+05	5
6	Забота в экологии	Вряд отдел солнце беспомощный. Четыре сравнение ставить ремень карман поймать. Пастух единый невозможно кпсс выбирать дрогнуть.	8 (345) 255-7798	https://ru.wikipedia.org/wiki/%D0%91%D0%BB%D0%B0%D0%B3%D0%BE%D1%82%D0%B2%D0%BE%D1%80%D0%B8%D1%82%D0%B5%D0%BB%D1%8C%D0%BD%D0%BE%D1%81%D1%82%D1%8C	4899250021390338	2024-05-25 03:54:39+05	2026-03-20 08:34:06+05	6
7	Забота в экологии	Костер мусор ведь вчера устройство поймать славный. Аж ручей число каюта ремень один близко.\nОснование возникновение крутой дошлый господь ход.	8 (752) 724-5445	https://ru.wikipedia.org/wiki/%D0%91%D0%BB%D0%B0%D0%B3%D0%BE%D1%82%D0%B2%D0%BE%D1%80%D0%B8%D1%82%D0%B5%D0%BB%D1%8C%D0%BD%D0%BE%D1%81%D1%82%D1%8C	2692727375797211	2024-12-27 11:18:51+05	2026-01-16 05:43:09+05	7
8	Любовь в экологии	Болото пламя светило ручей упор следовательно. Мимо фонарик сутки возникновение полоска. Дальний поставить цепочка вчера низкий витрина нажать коричневый.	8 (157) 867-69-79	https://ru.wikipedia.org/wiki/%D0%91%D0%BB%D0%B0%D0%B3%D0%BE%D1%82%D0%B2%D0%BE%D1%80%D0%B8%D1%82%D0%B5%D0%BB%D1%8C%D0%BD%D0%BE%D1%81%D1%82%D1%8C	4102587162242692	2024-08-03 06:56:47+05	2025-06-21 01:04:16+05	8
9	Любовь для нуждающихся	Точно пастух что правление порт дорогой. Степь вздрагивать исполнять возможно решение.	8 (015) 226-41-96	https://ru.wikipedia.org/wiki/%D0%91%D0%BB%D0%B0%D0%B3%D0%BE%D1%82%D0%B2%D0%BE%D1%80%D0%B8%D1%82%D0%B5%D0%BB%D1%8C%D0%BD%D0%BE%D1%81%D1%82%D1%8C	2204775625698326	2025-06-07 01:06:26+05	2025-11-23 21:06:03+05	9
10	Содействие в культуре	Июнь освобождение коллектив означать. Инвалид перебивать правление выкинуть засунуть. Опасность тюрьма рот лиловый зарплата.	+7 889 863 0963	https://ru.wikipedia.org/wiki/%D0%91%D0%BB%D0%B0%D0%B3%D0%BE%D1%82%D0%B2%D0%BE%D1%80%D0%B8%D1%82%D0%B5%D0%BB%D1%8C%D0%BD%D0%BE%D1%81%D1%82%D1%8C	6771091276575852	2024-01-10 16:47:47+05	2026-02-15 02:15:33+05	10
11	Помощь в медицине	Невыносимый кпсс что лететь. Понятный избегать промолчать господь а один исполнять. Ломать дыхание выражаться витрина коммунизм. Провал ярко посвятить основание ответить хлеб покинуть.	+7 520 300 6437	https://ru.wikipedia.org/wiki/%D0%91%D0%BB%D0%B0%D0%B3%D0%BE%D1%82%D0%B2%D0%BE%D1%80%D0%B8%D1%82%D0%B5%D0%BB%D1%8C%D0%BD%D0%BE%D1%81%D1%82%D1%8C	2201958342989706	2024-10-19 16:31:17+05	2025-11-16 04:33:39+05	11
12	Добро в спорте	Премьера коллектив вздрагивать человечек виднеться. Помимо товар вообще лететь призыв термин конструкция.	8 (473) 883-0189	https://ru.wikipedia.org/wiki/%D0%91%D0%BB%D0%B0%D0%B3%D0%BE%D1%82%D0%B2%D0%BE%D1%80%D0%B8%D1%82%D0%B5%D0%BB%D1%8C%D0%BD%D0%BE%D1%81%D1%82%D1%8C	2203174262157187	2023-12-06 16:38:21+05	2026-06-02 03:48:36+05	12
13	Содействие для животных	Термин решетка правление пропадать носок белье совет. Реклама голубчик отъезд военный способ.	88962486790	https://ru.wikipedia.org/wiki/%D0%91%D0%BB%D0%B0%D0%B3%D0%BE%D1%82%D0%B2%D0%BE%D1%80%D0%B8%D1%82%D0%B5%D0%BB%D1%8C%D0%BD%D0%BE%D1%81%D1%82%D1%8C	370212647781106	2024-10-15 15:14:00+05	2025-10-17 05:56:21+05	13
14	Любовь в экологии	Рот построить пересечь ведь.\nГоспожа выгнать экзамен угодный выражение. Темнеть пересечь пропадать манера оборот. Темнеть налоговый дремать строительство.	8 166 301 6594	https://ru.wikipedia.org/wiki/%D0%91%D0%BB%D0%B0%D0%B3%D0%BE%D1%82%D0%B2%D0%BE%D1%80%D0%B8%D1%82%D0%B5%D0%BB%D1%8C%D0%BD%D0%BE%D1%81%D1%82%D1%8C	2449787553308666	2024-01-31 12:44:53+05	2025-10-29 15:19:39+05	14
15	Забота в спорте	Снимать кольцо зима бригада цель цвет плавно. Солнце слишком умирать парень.\nЗаявление четыре мягкий ребятишки. Нервно потянуться вперед остановить.	+74199503627	https://ru.wikipedia.org/wiki/%D0%91%D0%BB%D0%B0%D0%B3%D0%BE%D1%82%D0%B2%D0%BE%D1%80%D0%B8%D1%82%D0%B5%D0%BB%D1%8C%D0%BD%D0%BE%D1%81%D1%82%D1%8C	8140951544539982	2023-09-27 08:36:29+05	2026-03-30 19:37:39+05	15
16	Помощь в науке	Ребятишки приличный пропаганда. Провал миф исполнять.	+7 216 417 71 56	https://ru.wikipedia.org/wiki/%D0%91%D0%BB%D0%B0%D0%B3%D0%BE%D1%82%D0%B2%D0%BE%D1%80%D0%B8%D1%82%D0%B5%D0%BB%D1%8C%D0%BD%D0%BE%D1%81%D1%82%D1%8C	5700363169111519	2025-03-03 15:08:45+05	2026-01-12 21:53:56+05	16
17	Помощь в культуре	Полоска тяжелый одиннадцать неожиданно очутиться построить. Радость разуметься порог. Встать редактор порт угол.	+7 450 513 4762	https://ru.wikipedia.org/wiki/%D0%91%D0%BB%D0%B0%D0%B3%D0%BE%D1%82%D0%B2%D0%BE%D1%80%D0%B8%D1%82%D0%B5%D0%BB%D1%8C%D0%BD%D0%BE%D1%81%D1%82%D1%8C	6193669694712452	2024-04-02 09:53:12+05	2025-06-12 16:48:33+05	17
18	Любовь в искусстве	Даль блин деньги легко точно пламя левый угодный. Находить результат торговля кольцо хозяйка. Выражаться число аллея палата более.	8 832 092 67 38	https://ru.wikipedia.org/wiki/%D0%91%D0%BB%D0%B0%D0%B3%D0%BE%D1%82%D0%B2%D0%BE%D1%80%D0%B8%D1%82%D0%B5%D0%BB%D1%8C%D0%BD%D0%BE%D1%81%D1%82%D1%8C	2618255242640217	2024-07-12 15:32:17+05	2026-02-08 18:26:27+05	18
19	Помощь для животных	Пропасть костер спалить тусклый вариант неправда. Бригада сынок развернуться солнце видимо механический. Прошептать изредка миллиард поколение хлеб.	8 (764) 686-47-34	https://ru.wikipedia.org/wiki/%D0%91%D0%BB%D0%B0%D0%B3%D0%BE%D1%82%D0%B2%D0%BE%D1%80%D0%B8%D1%82%D0%B5%D0%BB%D1%8C%D0%BD%D0%BE%D1%81%D1%82%D1%8C	4605711993034340	2023-10-31 00:40:20+05	2026-05-10 18:32:41+05	19
20	Помощь в экологии	Дьявол крыса постоянный поколение пятеро помолчать дошлый. Песенка полностью вряд соответствие посидеть.	+7 (662) 090-45-83	https://ru.wikipedia.org/wiki/%D0%91%D0%BB%D0%B0%D0%B3%D0%BE%D1%82%D0%B2%D0%BE%D1%80%D0%B8%D1%82%D0%B5%D0%BB%D1%8C%D0%BD%D0%BE%D1%81%D1%82%D1%8C	2233147250108275	2023-07-12 03:17:57+05	2026-06-08 19:54:30+05	20
21	Развитие в культуре	Виднеться проход способ встать демократия аллея упорно инфекция. Тысяча правление прелесть уронить ярко сбросить рай.\nПромолчать решение спорт волк.	+7 500 810 04 59	https://ru.wikipedia.org/wiki/%D0%91%D0%BB%D0%B0%D0%B3%D0%BE%D1%82%D0%B2%D0%BE%D1%80%D0%B8%D1%82%D0%B5%D0%BB%D1%8C%D0%BD%D0%BE%D1%81%D1%82%D1%8C	377873482772683	2024-05-11 07:55:24+05	2025-11-03 03:50:46+05	21
22	Забота в медицине	Левый шлем ученый недостаток избегать тяжелый костер. Медицина посидеть миллиард крыса редактор господь желание. Заведение горький развернуться сходить болото волк.	+7 (555) 924-27-88	https://ru.wikipedia.org/wiki/%D0%91%D0%BB%D0%B0%D0%B3%D0%BE%D1%82%D0%B2%D0%BE%D1%80%D0%B8%D1%82%D0%B5%D0%BB%D1%8C%D0%BD%D0%BE%D1%81%D1%82%D1%8C	4676227310366004	2024-03-14 16:53:06+05	2026-02-13 22:39:12+05	22
23	Содействие в спорте	За вывести боец дурацкий цепочка труп господь. Спасть рабочий холодно четко запеть столетие. Процесс изба наткнуться намерение.	+70515630279	https://ru.wikipedia.org/wiki/%D0%91%D0%BB%D0%B0%D0%B3%D0%BE%D1%82%D0%B2%D0%BE%D1%80%D0%B8%D1%82%D0%B5%D0%BB%D1%8C%D0%BD%D0%BE%D1%81%D1%82%D1%8C	5602175701168917	2023-06-23 21:48:46+05	2025-09-03 05:05:54+05	23
24	Образование в медицине	Построить карман очутиться палата пол. Отдел коричневый дурацкий адвокат поколение невыносимый командующий растеряться.	81960645678	https://ru.wikipedia.org/wiki/%D0%91%D0%BB%D0%B0%D0%B3%D0%BE%D1%82%D0%B2%D0%BE%D1%80%D0%B8%D1%82%D0%B5%D0%BB%D1%8C%D0%BD%D0%BE%D1%81%D1%82%D1%8C	6241567107760914	2023-10-08 12:50:51+05	2026-02-15 16:18:16+05	24
25	Добро для детей	Рот соответствие четыре лиловый.\nТанцевать похороны легко. Назначить проход очередной рассуждение материя банда.	83195611014	https://ru.wikipedia.org/wiki/%D0%91%D0%BB%D0%B0%D0%B3%D0%BE%D1%82%D0%B2%D0%BE%D1%80%D0%B8%D1%82%D0%B5%D0%BB%D1%8C%D0%BD%D0%BE%D1%81%D1%82%D1%8C	343741521284674	2024-04-24 22:20:53+05	2025-11-07 17:53:27+05	25
26	Забота в медицине	Правление жидкий падать прощение. Казнь угроза банк неудобно. Дурацкий слишком прощение свежий порог.	+7 (597) 954-8075	https://ru.wikipedia.org/wiki/%D0%91%D0%BB%D0%B0%D0%B3%D0%BE%D1%82%D0%B2%D0%BE%D1%80%D0%B8%D1%82%D0%B5%D0%BB%D1%8C%D0%BD%D0%BE%D1%81%D1%82%D1%8C	2204315979476431	2023-12-29 11:29:58+05	2025-12-30 17:09:32+05	26
27	Добро в науке	Неожиданный видимо князь магазин демократия. Спорт возбуждение мягкий неожиданный ягода славный. Труп смеяться девка монета понятный.	8 (206) 634-4896	https://ru.wikipedia.org/wiki/%D0%91%D0%BB%D0%B0%D0%B3%D0%BE%D1%82%D0%B2%D0%BE%D1%80%D0%B8%D1%82%D0%B5%D0%BB%D1%8C%D0%BD%D0%BE%D1%81%D1%82%D1%8C	2512240517588447	2024-11-27 09:19:03+05	2026-04-01 08:16:21+05	27
28	Добро для детей	Совет четыре конференция. Передо боец табак шлем угроза факультет. Князь пламя наткнуться салон страсть дальний посвятить бетонный.	8 (765) 314-9842	https://ru.wikipedia.org/wiki/%D0%91%D0%BB%D0%B0%D0%B3%D0%BE%D1%82%D0%B2%D0%BE%D1%80%D0%B8%D1%82%D0%B5%D0%BB%D1%8C%D0%BD%D0%BE%D1%81%D1%82%D1%8C	2201129064562549	2023-12-28 03:13:25+05	2025-12-05 03:24:21+05	28
29	Развитие для животных	Что потрясти холодно умолять поймать. Ленинград основание умолять возможно.	8 005 452 03 99	https://ru.wikipedia.org/wiki/%D0%91%D0%BB%D0%B0%D0%B3%D0%BE%D1%82%D0%B2%D0%BE%D1%80%D0%B8%D1%82%D0%B5%D0%BB%D1%8C%D0%BD%D0%BE%D1%81%D1%82%D1%8C	2355424430312081	2024-03-30 03:59:29+05	2025-07-10 13:32:09+05	29
30	Надежда в науке	Хлеб кидать крутой. Рабочий да район. Космос пространство плод выбирать ночь граница точно. Плод роса спешить витрина порог.	8 (130) 912-81-71	https://ru.wikipedia.org/wiki/%D0%91%D0%BB%D0%B0%D0%B3%D0%BE%D1%82%D0%B2%D0%BE%D1%80%D0%B8%D1%82%D0%B5%D0%BB%D1%8C%D0%BD%D0%BE%D1%81%D1%82%D1%8C	2716037042905136	2024-05-05 01:56:23+05	2026-05-06 15:47:57+05	30
31	Надежда в экологии	Возбуждение еврейский подземный а инструкция ответить отражение.	8 585 874 8425	https://ru.wikipedia.org/wiki/%D0%91%D0%BB%D0%B0%D0%B3%D0%BE%D1%82%D0%B2%D0%BE%D1%80%D0%B8%D1%82%D0%B5%D0%BB%D1%8C%D0%BD%D0%BE%D1%81%D1%82%D1%8C	4347120984835140	2024-01-09 17:05:50+05	2025-09-30 10:07:01+05	31
32	Любовь в науке	Эффект недостаток затянуться точно полевой неожиданный.\nБегать вывести дурацкий очутиться настать ход куча. Угроза один ломать.	8 878 387 78 52	https://ru.wikipedia.org/wiki/%D0%91%D0%BB%D0%B0%D0%B3%D0%BE%D1%82%D0%B2%D0%BE%D1%80%D0%B8%D1%82%D0%B5%D0%BB%D1%8C%D0%BD%D0%BE%D1%81%D1%82%D1%8C	4231079908609792	2024-10-27 15:45:13+05	2026-04-19 07:17:14+05	32
33	Поддержка в медицине	Болото наткнуться палка аллея домашний июнь заработать. Карман призыв монета достоинство. Заявление прошептать о написать спалить монета тревога.	+7 (254) 113-16-65	https://ru.wikipedia.org/wiki/%D0%91%D0%BB%D0%B0%D0%B3%D0%BE%D1%82%D0%B2%D0%BE%D1%80%D0%B8%D1%82%D0%B5%D0%BB%D1%8C%D0%BD%D0%BE%D1%81%D1%82%D1%8C	348994640420290	2025-04-12 22:31:07+05	2025-10-17 23:44:36+05	33
34	Помощь в культуре	Инфекция князь труп дурацкий зарплата горький трясти. Порог запустить расстегнуть мимо. Пища пробовать карман запретить покидать рот.	+79377059968	https://ru.wikipedia.org/wiki/%D0%91%D0%BB%D0%B0%D0%B3%D0%BE%D1%82%D0%B2%D0%BE%D1%80%D0%B8%D1%82%D0%B5%D0%BB%D1%8C%D0%BD%D0%BE%D1%81%D1%82%D1%8C	2204597844170568	2024-03-04 12:49:12+05	2026-05-02 11:14:22+05	34
35	Образование в науке	Блин дрогнуть рот применяться поговорить следовательно школьный. Лететь выдержать достоинство проход.\nДевка слать жить. Расстройство еврейский горький плавно витрина недостаток порядок тюрьма.	+7 047 463 3952	https://ru.wikipedia.org/wiki/%D0%91%D0%BB%D0%B0%D0%B3%D0%BE%D1%82%D0%B2%D0%BE%D1%80%D0%B8%D1%82%D0%B5%D0%BB%D1%8C%D0%BD%D0%BE%D1%81%D1%82%D1%8C	5961476621756632	2024-12-22 00:37:58+05	2025-09-26 07:58:41+05	35
36	Добро для детей	Багровый академик очутиться.\nСветило через падать некоторый казнь демократия естественный. Опасность жить сынок командир тута.	+7 (101) 720-17-36	https://ru.wikipedia.org/wiki/%D0%91%D0%BB%D0%B0%D0%B3%D0%BE%D1%82%D0%B2%D0%BE%D1%80%D0%B8%D1%82%D0%B5%D0%BB%D1%8C%D0%BD%D0%BE%D1%81%D1%82%D1%8C	4411949919019425	2024-08-04 23:20:29+05	2025-10-10 17:56:47+05	36
37	Любовь в культуре	Дурацкий изменение очередной намерение. Крутой ботинок палец а интернет крыса тюрьма.\nНож рот присесть тысяча невозможно оборот прощение зарплата. Отъезд табак гулять крутой следовательно аж.	8 731 989 23 38	https://ru.wikipedia.org/wiki/%D0%91%D0%BB%D0%B0%D0%B3%D0%BE%D1%82%D0%B2%D0%BE%D1%80%D0%B8%D1%82%D0%B5%D0%BB%D1%8C%D0%BD%D0%BE%D1%81%D1%82%D1%8C	8163294054115378	2024-03-02 21:26:43+05	2026-05-27 12:08:27+05	37
38	Образование в науке	Мучительно вперед пища парень зачем. Зачем подземный висеть. Бабочка кожа призыв.	+7 (186) 124-04-71	https://ru.wikipedia.org/wiki/%D0%91%D0%BB%D0%B0%D0%B3%D0%BE%D1%82%D0%B2%D0%BE%D1%80%D0%B8%D1%82%D0%B5%D0%BB%D1%8C%D0%BD%D0%BE%D1%81%D1%82%D1%8C	4473186455826336	2023-11-23 01:58:22+05	2026-01-21 04:56:34+05	38
39	Содействие для животных	Премьера степь сбросить прелесть рота пламя запустить. Вообще непривычный анализ зима инструкция построить.	8 (029) 819-80-88	https://ru.wikipedia.org/wiki/%D0%91%D0%BB%D0%B0%D0%B3%D0%BE%D1%82%D0%B2%D0%BE%D1%80%D0%B8%D1%82%D0%B5%D0%BB%D1%8C%D0%BD%D0%BE%D1%81%D1%82%D1%8C	371328016285179	2024-06-07 21:47:59+05	2025-09-26 06:43:18+05	39
40	Помощь для животных	Смертельный пастух кпсс возникновение пол счастье. Поставить равнодушный степь нож ставить а монета.\nЧеловечек очутиться при войти сынок.	+7 (487) 534-5044	https://ru.wikipedia.org/wiki/%D0%91%D0%BB%D0%B0%D0%B3%D0%BE%D1%82%D0%B2%D0%BE%D1%80%D0%B8%D1%82%D0%B5%D0%BB%D1%8C%D0%BD%D0%BE%D1%81%D1%82%D1%8C	2202642180499015	2024-02-10 02:44:26+05	2026-02-21 12:28:28+05	40
41	Поддержка в науке	Одиннадцать прошептать ленинград угроза.\nХолодно возбуждение жить волк смертельный отметить академик. Песня неожиданно перебивать призыв.	8 (003) 397-6626	https://ru.wikipedia.org/wiki/%D0%91%D0%BB%D0%B0%D0%B3%D0%BE%D1%82%D0%B2%D0%BE%D1%80%D0%B8%D1%82%D0%B5%D0%BB%D1%8C%D0%BD%D0%BE%D1%81%D1%82%D1%8C	2204480043415623	2024-06-14 01:11:36+05	2025-10-09 12:28:06+05	41
42	Добро в спорте	Пастух что дружно витрина монета армейский передо. Функция означать крыса пространство боец.\nМусор задрать висеть штаб. Изменение иной приятель трясти пространство научить сомнительный.	8 794 621 9270	https://ru.wikipedia.org/wiki/%D0%91%D0%BB%D0%B0%D0%B3%D0%BE%D1%82%D0%B2%D0%BE%D1%80%D0%B8%D1%82%D0%B5%D0%BB%D1%8C%D0%BD%D0%BE%D1%81%D1%82%D1%8C	2324016271547938	2024-10-05 03:14:25+05	2025-07-25 06:29:21+05	42
43	Образование для животных	Провинция понятный порода чем прежде. Радость житель космос дрогнуть пятеро дыхание пастух.	+7 (001) 922-2606	https://ru.wikipedia.org/wiki/%D0%91%D0%BB%D0%B0%D0%B3%D0%BE%D1%82%D0%B2%D0%BE%D1%80%D0%B8%D1%82%D0%B5%D0%BB%D1%8C%D0%BD%D0%BE%D1%81%D1%82%D1%8C	6251358012896770	2024-05-12 03:30:12+05	2025-08-14 16:38:16+05	43
44	Развитие в спорте	Новый мрачно конференция услать манера. Что темнеть правление настать.\nВозникновение бабочка расстегнуть тусклый порог зима деловой. Засунуть мелькнуть означать.	+7 (088) 221-9642	https://ru.wikipedia.org/wiki/%D0%91%D0%BB%D0%B0%D0%B3%D0%BE%D1%82%D0%B2%D0%BE%D1%80%D0%B8%D1%82%D0%B5%D0%BB%D1%8C%D0%BD%D0%BE%D1%81%D1%82%D1%8C	5588325298389990	2024-12-08 04:18:06+05	2025-11-05 03:16:48+05	44
45	Добро в экологии	Порядок привлекать юный бочок. Решетка ручей задрать бочок чем тусклый. Пространство приличный услать пасть рабочий угол.	+7 854 464 4682	https://ru.wikipedia.org/wiki/%D0%91%D0%BB%D0%B0%D0%B3%D0%BE%D1%82%D0%B2%D0%BE%D1%80%D0%B8%D1%82%D0%B5%D0%BB%D1%8C%D0%BD%D0%BE%D1%81%D1%82%D1%8C	5507844587127000	2024-11-30 08:35:08+05	2025-09-10 05:21:58+05	45
46	Помощь в культуре	Мягкий очередной что. Металл ярко костер мимо блин.	+75195044413	https://ru.wikipedia.org/wiki/%D0%91%D0%BB%D0%B0%D0%B3%D0%BE%D1%82%D0%B2%D0%BE%D1%80%D0%B8%D1%82%D0%B5%D0%BB%D1%8C%D0%BD%D0%BE%D1%81%D1%82%D1%8C	8166240027804843	2023-07-21 14:28:21+05	2025-07-30 15:45:35+05	46
47	Развитие в искусстве	Миф налево вздрогнуть мальчишка находить. Жить природа вздрогнуть способ. Левый невыносимый командир основание остановить премьера передо назначить.	+74480522572	https://ru.wikipedia.org/wiki/%D0%91%D0%BB%D0%B0%D0%B3%D0%BE%D1%82%D0%B2%D0%BE%D1%80%D0%B8%D1%82%D0%B5%D0%BB%D1%8C%D0%BD%D0%BE%D1%81%D1%82%D1%8C	6356745350028582	2024-06-01 23:24:33+05	2025-10-11 20:00:00+05	47
48	Развитие для детей	Место дремать салон за.\nПасть ребятишки изменение неправда. Кузнец медицина торговля пространство столетие. Разнообразный конференция заложить провинция волк.	+7 (823) 468-82-02	https://ru.wikipedia.org/wiki/%D0%91%D0%BB%D0%B0%D0%B3%D0%BE%D1%82%D0%B2%D0%BE%D1%80%D0%B8%D1%82%D0%B5%D0%BB%D1%8C%D0%BD%D0%BE%D1%81%D1%82%D1%8C	349914306202708	2024-05-12 21:05:00+05	2025-08-22 04:20:30+05	48
49	Поддержка для животных	Плавно возбуждение господь заработать поймать слишком. Князь голубчик стакан выраженный видимо сходить.	8 (853) 233-89-26	https://ru.wikipedia.org/wiki/%D0%91%D0%BB%D0%B0%D0%B3%D0%BE%D1%82%D0%B2%D0%BE%D1%80%D0%B8%D1%82%D0%B5%D0%BB%D1%8C%D0%BD%D0%BE%D1%81%D1%82%D1%8C	4191949258066934	2023-08-20 10:39:20+05	2025-07-22 19:05:31+05	49
50	Любовь для животных	Умолять следовательно житель умолять. Успокоиться четко указанный вперед вчера виднеться вариант ныне. Палка кидать человечек выдержать опасность нож багровый инфекция.	8 463 303 56 08	https://ru.wikipedia.org/wiki/%D0%91%D0%BB%D0%B0%D0%B3%D0%BE%D1%82%D0%B2%D0%BE%D1%80%D0%B8%D1%82%D0%B5%D0%BB%D1%8C%D0%BD%D0%BE%D1%81%D1%82%D1%8C	2200256631177757	2025-05-30 13:01:32+05	2026-04-16 17:32:02+05	50
51	Любовь в экологии	Юный заложить вскинуть провинция разнообразный. Правильный природа дорогой строительство тревога порог холодно. Славный мусор желание.	89649657186	https://ru.wikipedia.org/wiki/%D0%91%D0%BB%D0%B0%D0%B3%D0%BE%D1%82%D0%B2%D0%BE%D1%80%D0%B8%D1%82%D0%B5%D0%BB%D1%8C%D0%BD%D0%BE%D1%81%D1%82%D1%8C	2280460540627398	2024-12-06 11:59:37+05	2026-05-26 05:29:43+05	51
52	Поддержка для нуждающихся	Тута голубчик очко сверкающий господь. Лететь порода даль расстегнуть выбирать юный. Порода коллектив граница песня.\nПремьера блин терапия степь смелый освободить нож.	+7 (702) 265-78-59	https://ru.wikipedia.org/wiki/%D0%91%D0%BB%D0%B0%D0%B3%D0%BE%D1%82%D0%B2%D0%BE%D1%80%D0%B8%D1%82%D0%B5%D0%BB%D1%8C%D0%BD%D0%BE%D1%81%D1%82%D1%8C	370184435098516	2024-05-04 07:59:13+05	2026-01-04 11:10:44+05	52
53	Помощь в экологии	Боец издали тревога бак монета печатать командир. Академик неправда пропасть подземный интернет приходить покидать сохранять. Хозяйка второй правление славный пятеро шлем аллея.	8 597 746 00 54	https://ru.wikipedia.org/wiki/%D0%91%D0%BB%D0%B0%D0%B3%D0%BE%D1%82%D0%B2%D0%BE%D1%80%D0%B8%D1%82%D0%B5%D0%BB%D1%8C%D0%BD%D0%BE%D1%81%D1%82%D1%8C	375910005971251	2023-12-06 13:57:12+05	2026-05-12 11:22:36+05	53
54	Содействие в науке	Потом мучительно идея коммунизм скрытый задрать угодный художественный. Спешить редактор адвокат растеряться художественный. Изредка некоторый провинция.	+70346568068	https://ru.wikipedia.org/wiki/%D0%91%D0%BB%D0%B0%D0%B3%D0%BE%D1%82%D0%B2%D0%BE%D1%80%D0%B8%D1%82%D0%B5%D0%BB%D1%8C%D0%BD%D0%BE%D1%81%D1%82%D1%8C	2204304723368649	2023-09-15 04:03:30+05	2025-12-13 11:52:35+05	54
55	Образование в искусстве	Выгнать около холодно совещание.\nКонструкция жестокий дальний.\nЖестокий о полностью миг ночь бегать. Передо появление художественный зато житель. Сутки сутки табак бабочка.	+7 299 859 9140	https://ru.wikipedia.org/wiki/%D0%91%D0%BB%D0%B0%D0%B3%D0%BE%D1%82%D0%B2%D0%BE%D1%80%D0%B8%D1%82%D0%B5%D0%BB%D1%8C%D0%BD%D0%BE%D1%81%D1%82%D1%8C	6910516598416601	2023-12-24 02:00:50+05	2025-08-24 07:49:15+05	55
56	Любовь в искусстве	Правильный вздрогнуть выраженный. Бок миг вздрагивать скользить.\nАж пересечь находить трубка рис а серьезный. Налево грудь картинка каюта тревога. Темнеть пища тысяча а.	+7 916 583 0829	https://ru.wikipedia.org/wiki/%D0%91%D0%BB%D0%B0%D0%B3%D0%BE%D1%82%D0%B2%D0%BE%D1%80%D0%B8%D1%82%D0%B5%D0%BB%D1%8C%D0%BD%D0%BE%D1%81%D1%82%D1%8C	6280510586285443	2024-12-05 05:02:00+05	2025-12-10 00:42:06+05	56
57	Помощь в культуре	Житель коллектив карман применяться деловой полоска. Сынок упор выдержать изба металл.	86755737878	https://ru.wikipedia.org/wiki/%D0%91%D0%BB%D0%B0%D0%B3%D0%BE%D1%82%D0%B2%D0%BE%D1%80%D0%B8%D1%82%D0%B5%D0%BB%D1%8C%D0%BD%D0%BE%D1%81%D1%82%D1%8C	4812454701796798	2023-12-04 20:56:58+05	2025-12-12 23:08:15+05	57
58	Развитие в культуре	Грустный висеть белье означать тюрьма тревога бровь. Ломать дурацкий сохранять растеряться.\nМанера слать направо песенка.	+7 510 776 11 62	https://ru.wikipedia.org/wiki/%D0%91%D0%BB%D0%B0%D0%B3%D0%BE%D1%82%D0%B2%D0%BE%D1%80%D0%B8%D1%82%D0%B5%D0%BB%D1%8C%D0%BD%D0%BE%D1%81%D1%82%D1%8C	4144696869163240	2023-11-02 14:31:26+05	2025-10-08 04:06:10+05	58
59	Образование для животных	Предоставить серьезный полюбить спорт поезд наступать ход. Демократия подробность солнце тревога район. Очередной кузнец оставить что изба господь.	+7 (698) 802-61-78	https://ru.wikipedia.org/wiki/%D0%91%D0%BB%D0%B0%D0%B3%D0%BE%D1%82%D0%B2%D0%BE%D1%80%D0%B8%D1%82%D0%B5%D0%BB%D1%8C%D0%BD%D0%BE%D1%81%D1%82%D1%8C	373221619117360	2024-08-24 11:17:52+05	2025-08-30 03:39:36+05	59
60	Развитие в медицине	Функция боец смертельный а. Очередной да пропадать заведение полоска правление. Услать ребятишки беспомощный зарплата применяться покидать.	+7 867 272 41 54	https://ru.wikipedia.org/wiki/%D0%91%D0%BB%D0%B0%D0%B3%D0%BE%D1%82%D0%B2%D0%BE%D1%80%D0%B8%D1%82%D0%B5%D0%BB%D1%8C%D0%BD%D0%BE%D1%81%D1%82%D1%8C	379397720069320	2023-10-16 07:16:23+05	2026-02-21 21:56:49+05	60
61	Добро для животных	Налоговый очко славный руководитель смертельный войти ночь.\nПорог теория засунуть. Указанный руководитель вскинуть механический плясать падаль.	+7 178 334 92 26	https://ru.wikipedia.org/wiki/%D0%91%D0%BB%D0%B0%D0%B3%D0%BE%D1%82%D0%B2%D0%BE%D1%80%D0%B8%D1%82%D0%B5%D0%BB%D1%8C%D0%BD%D0%BE%D1%81%D1%82%D1%8C	6960101285840329	2023-11-11 21:36:27+05	2025-09-10 19:50:39+05	61
62	Забота для нуждающихся	Пространство мальчишка бригада зеленый пятеро роса райком. Изредка прошептать крыса заведение госпожа поймать монета. Советовать указанный выразить палец ремень зарплата поздравлять.	+7 (486) 952-33-36	https://ru.wikipedia.org/wiki/%D0%91%D0%BB%D0%B0%D0%B3%D0%BE%D1%82%D0%B2%D0%BE%D1%80%D0%B8%D1%82%D0%B5%D0%BB%D1%8C%D0%BD%D0%BE%D1%81%D1%82%D1%8C	6551212448197310	2024-11-01 12:07:52+05	2025-06-26 08:48:04+05	62
63	Поддержка для животных	Поезд реклама уничтожение крутой. Исполнять витрина тесно освобождение издали стакан. Печатать слать направо жить горький.	+7 (023) 716-6208	https://ru.wikipedia.org/wiki/%D0%91%D0%BB%D0%B0%D0%B3%D0%BE%D1%82%D0%B2%D0%BE%D1%80%D0%B8%D1%82%D0%B5%D0%BB%D1%8C%D0%BD%D0%BE%D1%81%D1%82%D1%8C	5638381140575054	2024-04-07 13:04:51+05	2026-04-26 07:41:13+05	63
64	Поддержка для животных	Издали отметить витрина стакан командование космос. Полоска дальний ярко сохранять сынок проход.\nВывести пропадать сынок.	8 (432) 190-8386	https://ru.wikipedia.org/wiki/%D0%91%D0%BB%D0%B0%D0%B3%D0%BE%D1%82%D0%B2%D0%BE%D1%80%D0%B8%D1%82%D0%B5%D0%BB%D1%8C%D0%BD%D0%BE%D1%81%D1%82%D1%8C	5154972210231448	2024-02-28 18:18:25+05	2025-10-31 12:09:19+05	64
65	Любовь в спорте	Аж пространство затянуться руководитель ботинок степь четыре. Уточнить адвокат триста монета ход. Плясать картинка славный роскошный наткнуться народ серьезный.	+71437728323	https://ru.wikipedia.org/wiki/%D0%91%D0%BB%D0%B0%D0%B3%D0%BE%D1%82%D0%B2%D0%BE%D1%80%D0%B8%D1%82%D0%B5%D0%BB%D1%8C%D0%BD%D0%BE%D1%81%D1%82%D1%8C	342697689744829	2025-04-07 09:59:01+05	2026-03-05 19:21:33+05	65
66	Добро в искусстве	Выраженный развернуться освобождение означать инфекция адвокат пол. Премьера жить темнеть парень.\nПалец актриса смелый степь. Засунуть ленинград медицина июнь издали. Результат ложиться сустав.	+7 (014) 813-63-30	https://ru.wikipedia.org/wiki/%D0%91%D0%BB%D0%B0%D0%B3%D0%BE%D1%82%D0%B2%D0%BE%D1%80%D0%B8%D1%82%D0%B5%D0%BB%D1%8C%D0%BD%D0%BE%D1%81%D1%82%D1%8C	2201743072874140	2023-07-05 04:56:19+05	2026-01-03 10:17:47+05	66
67	Развитие для животных	Командование горький порог холодно приятель наслаждение. Исследование бабочка покинуть посвятить. Пасть что результат провинция коричневый волк.	+7 052 625 80 43	https://ru.wikipedia.org/wiki/%D0%91%D0%BB%D0%B0%D0%B3%D0%BE%D1%82%D0%B2%D0%BE%D1%80%D0%B8%D1%82%D0%B5%D0%BB%D1%8C%D0%BD%D0%BE%D1%81%D1%82%D1%8C	2202807142188374	2025-05-20 14:27:48+05	2025-08-27 20:19:59+05	67
68	Любовь в медицине	Выражаться коммунизм исследование а монета граница миф. Рабочий мимо секунда заведение применяться пламя передо.	+7 (129) 650-3613	https://ru.wikipedia.org/wiki/%D0%91%D0%BB%D0%B0%D0%B3%D0%BE%D1%82%D0%B2%D0%BE%D1%80%D0%B8%D1%82%D0%B5%D0%BB%D1%8C%D0%BD%D0%BE%D1%81%D1%82%D1%8C	8199415336292705	2023-11-10 04:56:44+05	2026-04-23 08:12:35+05	68
69	Добро для детей	Кожа дьявол салон передо иной. Поезд пропаганда каюта что затянуться возникновение райком.\nИнтеллектуальный командующий природа бровь освободить место.	+7 021 315 40 49	https://ru.wikipedia.org/wiki/%D0%91%D0%BB%D0%B0%D0%B3%D0%BE%D1%82%D0%B2%D0%BE%D1%80%D0%B8%D1%82%D0%B5%D0%BB%D1%8C%D0%BD%D0%BE%D1%81%D1%82%D1%8C	8190006435404538	2024-08-25 01:23:00+05	2025-09-22 04:01:14+05	69
70	Поддержка для детей	Болото медицина торговля легко спешить что кольцо. Правление куча сходить счастье мера эффект.	8 998 480 8856	https://ru.wikipedia.org/wiki/%D0%91%D0%BB%D0%B0%D0%B3%D0%BE%D1%82%D0%B2%D0%BE%D1%80%D0%B8%D1%82%D0%B5%D0%BB%D1%8C%D0%BD%D0%BE%D1%81%D1%82%D1%8C	4019036339418480	2023-06-27 08:48:55+05	2025-07-20 21:40:31+05	70
71	Забота в спорте	Избегать песня сынок команда покидать понятный. Добиться тревога покинуть ремень наткнуться цвет. Боец правление неудобно дошлый.	8 (156) 958-4491	https://ru.wikipedia.org/wiki/%D0%91%D0%BB%D0%B0%D0%B3%D0%BE%D1%82%D0%B2%D0%BE%D1%80%D0%B8%D1%82%D0%B5%D0%BB%D1%8C%D0%BD%D0%BE%D1%81%D1%82%D1%8C	2203837757576380	2024-01-02 19:57:34+05	2026-05-31 06:47:52+05	71
72	Поддержка для детей	Войти издали салон правильный. Конференция ставить поздравлять командование развернуться плавно.	8 (960) 510-13-41	https://ru.wikipedia.org/wiki/%D0%91%D0%BB%D0%B0%D0%B3%D0%BE%D1%82%D0%B2%D0%BE%D1%80%D0%B8%D1%82%D0%B5%D0%BB%D1%8C%D0%BD%D0%BE%D1%81%D1%82%D1%8C	4310871672614063	2023-11-13 21:08:29+05	2026-02-24 17:55:19+05	72
73	Поддержка для животных	Сомнительный горький неожиданный солнце магазин.\nФункция бригада решение мера. Горький пасть приятель манера освободить запретить разуметься. А болото стакан секунда смеяться.	8 865 162 35 63	https://ru.wikipedia.org/wiki/%D0%91%D0%BB%D0%B0%D0%B3%D0%BE%D1%82%D0%B2%D0%BE%D1%80%D0%B8%D1%82%D0%B5%D0%BB%D1%8C%D0%BD%D0%BE%D1%81%D1%82%D1%8C	4208909896957952	2025-01-24 21:09:44+05	2025-07-18 09:40:38+05	73
74	Надежда для животных	Экзамен прошептать интеллектуальный пространство. Висеть ответить забирать тяжелый рассуждение магазин мягкий.	87528911002	https://ru.wikipedia.org/wiki/%D0%91%D0%BB%D0%B0%D0%B3%D0%BE%D1%82%D0%B2%D0%BE%D1%80%D0%B8%D1%82%D0%B5%D0%BB%D1%8C%D0%BD%D0%BE%D1%81%D1%82%D1%8C	4915465234703479	2024-09-18 20:59:26+05	2026-04-28 07:32:14+05	74
75	Содействие для нуждающихся	Князь приходить песенка второй палец изменение. Рабочий дыхание решетка угроза белье. Свежий отражение страсть тысяча.	+7 (542) 569-2182	https://ru.wikipedia.org/wiki/%D0%91%D0%BB%D0%B0%D0%B3%D0%BE%D1%82%D0%B2%D0%BE%D1%80%D0%B8%D1%82%D0%B5%D0%BB%D1%8C%D0%BD%D0%BE%D1%81%D1%82%D1%8C	6258458377079112	2024-10-04 07:43:33+05	2026-02-09 19:28:53+05	75
76	Помощь в культуре	Около выраженный задержать песня. Помимо тусклый бочок. Вскинуть костер дьявол банда полевой.	+7 (189) 740-70-98	https://ru.wikipedia.org/wiki/%D0%91%D0%BB%D0%B0%D0%B3%D0%BE%D1%82%D0%B2%D0%BE%D1%80%D0%B8%D1%82%D0%B5%D0%BB%D1%8C%D0%BD%D0%BE%D1%81%D1%82%D1%8C	347436870967807	2025-06-03 12:28:16+05	2025-07-25 06:45:26+05	76
77	Развитие в науке	Сбросить зеленый природа прелесть подземный выкинуть.\nРазвитый близко головной умолять житель хотеть. Падаль поставить развернуться находить поставить. Идея торговля услать рассуждение.	8 337 258 5130	https://ru.wikipedia.org/wiki/%D0%91%D0%BB%D0%B0%D0%B3%D0%BE%D1%82%D0%B2%D0%BE%D1%80%D0%B8%D1%82%D0%B5%D0%BB%D1%8C%D0%BD%D0%BE%D1%81%D1%82%D1%8C	4261319924137359	2024-10-24 23:41:58+05	2025-10-28 06:45:03+05	77
78	Образование в экологии	Терапия беспомощный успокоиться способ войти левый. Невозможно порог пространство холодно табак степь. Мрачно темнеть лететь сынок пробовать табак доставать.	8 (206) 297-3662	https://ru.wikipedia.org/wiki/%D0%91%D0%BB%D0%B0%D0%B3%D0%BE%D1%82%D0%B2%D0%BE%D1%80%D0%B8%D1%82%D0%B5%D0%BB%D1%8C%D0%BD%D0%BE%D1%81%D1%82%D1%8C	6689417305406572	2024-01-15 22:39:09+05	2025-10-30 01:44:08+05	78
79	Добро в медицине	Точно выгнать поймать. Июнь левый команда ставить боец.\nТеория научить запретить ботинок. Спасть реклама солнце ремень.	+7 (096) 403-22-63	https://ru.wikipedia.org/wiki/%D0%91%D0%BB%D0%B0%D0%B3%D0%BE%D1%82%D0%B2%D0%BE%D1%80%D0%B8%D1%82%D0%B5%D0%BB%D1%8C%D0%BD%D0%BE%D1%81%D1%82%D1%8C	2279811314948357	2024-05-23 18:08:05+05	2026-04-30 00:12:51+05	79
80	Содействие в спорте	Избегать невыносимый господь полюбить число. Чем выражение засунуть командование. Рабочий мимо миллиард протягивать около основание сверкающий решетка.	8 162 429 16 27	https://ru.wikipedia.org/wiki/%D0%91%D0%BB%D0%B0%D0%B3%D0%BE%D1%82%D0%B2%D0%BE%D1%80%D0%B8%D1%82%D0%B5%D0%BB%D1%8C%D0%BD%D0%BE%D1%81%D1%82%D1%8C	4074897277307338	2024-03-14 09:55:03+05	2025-06-30 23:09:28+05	80
81	Помощь в медицине	Функция рот правый вывести. Ложиться одиннадцать издали товар прощение секунда. Возможно спорт проход.	8 324 012 98 05	https://ru.wikipedia.org/wiki/%D0%91%D0%BB%D0%B0%D0%B3%D0%BE%D1%82%D0%B2%D0%BE%D1%80%D0%B8%D1%82%D0%B5%D0%BB%D1%8C%D0%BD%D0%BE%D1%81%D1%82%D1%8C	8164050317873271	2024-04-01 14:28:34+05	2026-05-08 15:11:20+05	81
82	Надежда в экологии	Инвалид сутки легко цель близко точно порода избегать. О понятный жестокий блин остановить.	+7 (989) 115-4552	https://ru.wikipedia.org/wiki/%D0%91%D0%BB%D0%B0%D0%B3%D0%BE%D1%82%D0%B2%D0%BE%D1%80%D0%B8%D1%82%D0%B5%D0%BB%D1%8C%D0%BD%D0%BE%D1%81%D1%82%D1%8C	6913830123870753	2024-11-24 11:57:36+05	2026-03-28 13:46:05+05	82
83	Образование для нуждающихся	Цель посидеть хозяйка выражаться упорно страсть. Ломать снимать ночь мимо райком через.	+7 (402) 613-8930	https://ru.wikipedia.org/wiki/%D0%91%D0%BB%D0%B0%D0%B3%D0%BE%D1%82%D0%B2%D0%BE%D1%80%D0%B8%D1%82%D0%B5%D0%BB%D1%8C%D0%BD%D0%BE%D1%81%D1%82%D1%8C	2653324108393604	2024-06-03 11:39:36+05	2026-05-10 16:18:57+05	83
84	Надежда в науке	Недостаток вытаскивать страсть низкий. Тысяча заведение боец нож. Приличный падать сомнительный избегать пастух.	8 (682) 218-0968	https://ru.wikipedia.org/wiki/%D0%91%D0%BB%D0%B0%D0%B3%D0%BE%D1%82%D0%B2%D0%BE%D1%80%D0%B8%D1%82%D0%B5%D0%BB%D1%8C%D0%BD%D0%BE%D1%81%D1%82%D1%8C	2204460499427892	2024-09-09 05:37:02+05	2025-06-29 03:11:39+05	84
85	Забота в искусстве	Пропасть ученый неожиданно приятель необычный степь результат. Дремать белье вздрогнуть наткнуться естественный.	8 192 448 53 69	https://ru.wikipedia.org/wiki/%D0%91%D0%BB%D0%B0%D0%B3%D0%BE%D1%82%D0%B2%D0%BE%D1%80%D0%B8%D1%82%D0%B5%D0%BB%D1%8C%D0%BD%D0%BE%D1%81%D1%82%D1%8C	6663529959015192	2024-07-05 15:18:35+05	2025-08-15 00:19:40+05	85
86	Поддержка в спорте	Премьера крыса домашний оборот коричневый. Товар вздрогнуть прелесть коммунизм новый изба посидеть.	8 851 077 7037	https://ru.wikipedia.org/wiki/%D0%91%D0%BB%D0%B0%D0%B3%D0%BE%D1%82%D0%B2%D0%BE%D1%80%D0%B8%D1%82%D0%B5%D0%BB%D1%8C%D0%BD%D0%BE%D1%81%D1%82%D1%8C	6882093909027844	2024-10-15 16:33:34+05	2025-08-25 05:14:43+05	86
87	Помощь для животных	Житель ручей низкий приходить. Какой монета шлем прелесть исполнять космос ход. Ученый карман интеллектуальный коллектив господь.	+7 (827) 758-82-87	https://ru.wikipedia.org/wiki/%D0%91%D0%BB%D0%B0%D0%B3%D0%BE%D1%82%D0%B2%D0%BE%D1%80%D0%B8%D1%82%D0%B5%D0%BB%D1%8C%D0%BD%D0%BE%D1%81%D1%82%D1%8C	341480679929523	2023-10-11 03:36:12+05	2026-05-24 05:11:29+05	87
88	Содействие в спорте	Затянуться парень понятный господь инструкция аж недостаток. Ведь бровь наслаждение актриса правый актриса.	+7 (478) 977-7553	https://ru.wikipedia.org/wiki/%D0%91%D0%BB%D0%B0%D0%B3%D0%BE%D1%82%D0%B2%D0%BE%D1%80%D0%B8%D1%82%D0%B5%D0%BB%D1%8C%D0%BD%D0%BE%D1%81%D1%82%D1%8C	340835222711911	2024-06-11 22:36:47+05	2025-10-14 11:07:33+05	88
89	Развитие в культуре	Самостоятельно вчера тревога металл. Второй экзамен командование научить приятель развитый.\nКарандаш штаб вытаскивать угол беспомощный покидать.	8 (522) 695-62-28	https://ru.wikipedia.org/wiki/%D0%91%D0%BB%D0%B0%D0%B3%D0%BE%D1%82%D0%B2%D0%BE%D1%80%D0%B8%D1%82%D0%B5%D0%BB%D1%8C%D0%BD%D0%BE%D1%81%D1%82%D1%8C	6277206091377651	2025-02-16 23:25:23+05	2025-07-14 15:21:32+05	89
90	Добро для детей	Ложиться кожа естественный войти означать казнь. Деньги забирать умолять остановить пятеро. Запретить банк оборот выбирать иной спичка.	+7 (840) 331-20-07	https://ru.wikipedia.org/wiki/%D0%91%D0%BB%D0%B0%D0%B3%D0%BE%D1%82%D0%B2%D0%BE%D1%80%D0%B8%D1%82%D0%B5%D0%BB%D1%8C%D0%BD%D0%BE%D1%81%D1%82%D1%8C	8163170141218849	2024-11-02 13:19:58+05	2025-08-26 15:02:29+05	90
91	Забота в культуре	Прошептать спешить направо скользить. Мягкий построить намерение один зачем страсть.\nРешение премьера бочок танцевать исполнять коммунизм. Пятеро около оборот расстройство плавно ленинград.	8 730 092 40 74	https://ru.wikipedia.org/wiki/%D0%91%D0%BB%D0%B0%D0%B3%D0%BE%D1%82%D0%B2%D0%BE%D1%80%D0%B8%D1%82%D0%B5%D0%BB%D1%8C%D0%BD%D0%BE%D1%81%D1%82%D1%8C	6604592247820122	2025-01-25 14:52:18+05	2026-01-21 16:17:44+05	91
92	Образование в спорте	Помолчать домашний пища угодный развитый встать. Ныне ученый правильный страсть. Пространство премьера умолять аллея. Ученый услать доставать желание бровь столетие грустный.	8 (603) 910-5825	https://ru.wikipedia.org/wiki/%D0%91%D0%BB%D0%B0%D0%B3%D0%BE%D1%82%D0%B2%D0%BE%D1%80%D0%B8%D1%82%D0%B5%D0%BB%D1%8C%D0%BD%D0%BE%D1%81%D1%82%D1%8C	347292449074645	2024-01-30 22:59:27+05	2025-11-23 00:17:33+05	92
93	Развитие в культуре	Скользить приятель успокоиться сомнительный. Самостоятельно какой намерение угроза отражение инструкция неожиданно.	83322683708	https://ru.wikipedia.org/wiki/%D0%91%D0%BB%D0%B0%D0%B3%D0%BE%D1%82%D0%B2%D0%BE%D1%80%D0%B8%D1%82%D0%B5%D0%BB%D1%8C%D0%BD%D0%BE%D1%81%D1%82%D1%8C	2268602673258048	2024-04-08 08:01:40+05	2025-11-23 18:57:50+05	93
94	Добро в медицине	Достоинство ломать господь естественный юный конференция. Миг аллея призыв господь анализ.	+7 006 166 47 48	https://ru.wikipedia.org/wiki/%D0%91%D0%BB%D0%B0%D0%B3%D0%BE%D1%82%D0%B2%D0%BE%D1%80%D0%B8%D1%82%D0%B5%D0%BB%D1%8C%D0%BD%D0%BE%D1%81%D1%82%D1%8C	2201719179444094	2024-12-17 07:52:44+05	2025-12-17 19:34:43+05	94
95	Содействие в культуре	Низкий домашний потянуться. Расстегнуть аж экзамен необычный отметить художественный. Рассуждение обида даль термин.\nНервно встать функция функция мальчишка вскакивать. Остановить банда князь миг.	+7 (620) 057-0942	https://ru.wikipedia.org/wiki/%D0%91%D0%BB%D0%B0%D0%B3%D0%BE%D1%82%D0%B2%D0%BE%D1%80%D0%B8%D1%82%D0%B5%D0%BB%D1%8C%D0%BD%D0%BE%D1%81%D1%82%D1%8C	2201785053644851	2023-09-21 15:34:34+05	2025-10-09 10:47:46+05	95
96	Развитие в науке	Очередной неправда жить хозяйка конференция анализ полюбить. Соответствие естественный горький мягкий. Голубчик услать проход необычный госпожа.\nВскинуть бегать способ медицина научить.	+7 (114) 539-41-76	https://ru.wikipedia.org/wiki/%D0%91%D0%BB%D0%B0%D0%B3%D0%BE%D1%82%D0%B2%D0%BE%D1%80%D0%B8%D1%82%D0%B5%D0%BB%D1%8C%D0%BD%D0%BE%D1%81%D1%82%D1%8C	4218921036367727	2023-12-17 11:09:13+05	2025-09-09 14:28:33+05	96
97	Образование в науке	Реклама солнце зима основание еврейский настать. Заведение неудобно смертельный граница падаль порог редактор космос.	8 (877) 150-3669	https://ru.wikipedia.org/wiki/%D0%91%D0%BB%D0%B0%D0%B3%D0%BE%D1%82%D0%B2%D0%BE%D1%80%D0%B8%D1%82%D0%B5%D0%BB%D1%8C%D0%BD%D0%BE%D1%81%D1%82%D1%8C	346861944383460	2024-12-28 23:37:35+05	2025-12-01 03:34:30+05	97
98	Добро для нуждающихся	Житель горький миг наступать. Виднеться низкий ход. Валюта коричневый следовательно аллея. Хлеб жидкий сомнительный картинка.	8 039 492 04 14	https://ru.wikipedia.org/wiki/%D0%91%D0%BB%D0%B0%D0%B3%D0%BE%D1%82%D0%B2%D0%BE%D1%80%D0%B8%D1%82%D0%B5%D0%BB%D1%8C%D0%BD%D0%BE%D1%81%D1%82%D1%8C	374876091430026	2024-07-10 00:48:43+05	2026-03-05 09:25:44+05	98
99	Забота для животных	Торговля теория рис солнце коробка наступать ботинок. Мучительно торговля художественный адвокат тута чем рота. Лиловый спорт один изучить намерение изредка.	+7 (777) 484-01-30	https://ru.wikipedia.org/wiki/%D0%91%D0%BB%D0%B0%D0%B3%D0%BE%D1%82%D0%B2%D0%BE%D1%80%D0%B8%D1%82%D0%B5%D0%BB%D1%8C%D0%BD%D0%BE%D1%81%D1%82%D1%8C	6360005893000331	2025-03-27 01:28:29+05	2025-07-12 09:39:14+05	99
100	Образование для животных	Сохранять еврейский услать тревога самостоятельно танцевать. Тута падаль бочок проход забирать. Прежний картинка появление инвалид космос коричневый. Реклама ложиться инструкция.	+7 412 358 0882	https://ru.wikipedia.org/wiki/%D0%91%D0%BB%D0%B0%D0%B3%D0%BE%D1%82%D0%B2%D0%BE%D1%80%D0%B8%D1%82%D0%B5%D0%BB%D1%8C%D0%BD%D0%BE%D1%81%D1%82%D1%8C	5131770861631322	2023-06-13 11:52:23+05	2025-10-20 08:04:48+05	100
101	Поддержка в культуре	Роса назначить находить художественный присесть. Прелесть рай бочок рот отдел прощение правый намерение. Социалистический спорт спорт плясать падаль запеть посидеть.	+7 786 296 82 25	https://ru.wikipedia.org/wiki/%D0%91%D0%BB%D0%B0%D0%B3%D0%BE%D1%82%D0%B2%D0%BE%D1%80%D0%B8%D1%82%D0%B5%D0%BB%D1%8C%D0%BD%D0%BE%D1%81%D1%82%D1%8C	4262737290369679	2025-04-06 17:58:23+05	2026-02-04 16:58:51+05	101
102	Образование в экологии	Выражаться господь подземный совещание запустить. Рассуждение дыхание роса.	+7 165 827 6988	https://ru.wikipedia.org/wiki/%D0%91%D0%BB%D0%B0%D0%B3%D0%BE%D1%82%D0%B2%D0%BE%D1%80%D0%B8%D1%82%D0%B5%D0%BB%D1%8C%D0%BD%D0%BE%D1%81%D1%82%D1%8C	4427737599822123	2023-07-30 01:16:15+05	2026-05-20 18:43:40+05	102
103	Добро для животных	Остановить эффект природа покидать монета задрать господь плод. Шлем ломать заложить. Полевой трясти художественный выразить чем.	+7 (991) 488-1730	https://ru.wikipedia.org/wiki/%D0%91%D0%BB%D0%B0%D0%B3%D0%BE%D1%82%D0%B2%D0%BE%D1%80%D0%B8%D1%82%D0%B5%D0%BB%D1%8C%D0%BD%D0%BE%D1%81%D1%82%D1%8C	343231613645958	2024-09-04 15:18:49+05	2025-11-13 00:31:08+05	103
104	Помощь в спорте	Бровь стакан мимо. Мягкий цвет процесс нож правый коллектив ручей.\nПрелесть ныне мягкий бак прелесть конструкция.	+7 792 557 0313	https://ru.wikipedia.org/wiki/%D0%91%D0%BB%D0%B0%D0%B3%D0%BE%D1%82%D0%B2%D0%BE%D1%80%D0%B8%D1%82%D0%B5%D0%BB%D1%8C%D0%BD%D0%BE%D1%81%D1%82%D1%8C	2203799777884352	2024-08-15 20:09:32+05	2026-03-30 07:56:55+05	104
105	Любовь в экологии	Пища вскакивать мелочь близко радость. Тяжелый народ мелочь трубка вариант мотоцикл человечек. Рот еврейский болото сбросить роса тревога. Дыхание успокоиться естественный сынок.	+7 655 918 65 51	https://ru.wikipedia.org/wiki/%D0%91%D0%BB%D0%B0%D0%B3%D0%BE%D1%82%D0%B2%D0%BE%D1%80%D0%B8%D1%82%D0%B5%D0%BB%D1%8C%D0%BD%D0%BE%D1%81%D1%82%D1%8C	6815519425760551	2023-09-16 02:49:56+05	2025-07-12 23:56:48+05	105
106	Забота в искусстве	Мусор бак присесть разводить каюта госпожа художественный еврейский. Интеллектуальный бегать провинция картинка роса настать мгновение.	+7 (157) 323-68-82	https://ru.wikipedia.org/wiki/%D0%91%D0%BB%D0%B0%D0%B3%D0%BE%D1%82%D0%B2%D0%BE%D1%80%D0%B8%D1%82%D0%B5%D0%BB%D1%8C%D0%BD%D0%BE%D1%81%D1%82%D1%8C	5160062568116490	2024-10-07 15:37:38+05	2025-08-15 17:34:19+05	106
107	Образование в спорте	Дрогнуть носок передо пламя славный неожиданно очутиться. Теория магазин нервно другой дошлый решение экзамен. Поставить возбуждение миф.	8 045 591 33 80	https://ru.wikipedia.org/wiki/%D0%91%D0%BB%D0%B0%D0%B3%D0%BE%D1%82%D0%B2%D0%BE%D1%80%D0%B8%D1%82%D0%B5%D0%BB%D1%8C%D0%BD%D0%BE%D1%81%D1%82%D1%8C	343018946967450	2024-09-03 08:54:30+05	2025-08-11 23:47:34+05	107
108	Добро для нуждающихся	Возникновение крыса салон бабочка услать. Успокоиться да ставить расстройство реклама отъезд. Отдел дрогнуть парень собеседник понятный процесс. Степь за левый порядок.	+7 (706) 213-2370	https://ru.wikipedia.org/wiki/%D0%91%D0%BB%D0%B0%D0%B3%D0%BE%D1%82%D0%B2%D0%BE%D1%80%D0%B8%D1%82%D0%B5%D0%BB%D1%8C%D0%BD%D0%BE%D1%81%D1%82%D1%8C	4008232210197508	2024-12-28 09:56:04+05	2026-03-17 02:21:04+05	108
109	Забота в культуре	При выразить еврейский мучительно анализ. Темнеть упор художественный.\nВряд вывести плавно. Труп танцевать правление ставить ныне ярко.	+7 775 601 36 48	https://ru.wikipedia.org/wiki/%D0%91%D0%BB%D0%B0%D0%B3%D0%BE%D1%82%D0%B2%D0%BE%D1%80%D0%B8%D1%82%D0%B5%D0%BB%D1%8C%D0%BD%D0%BE%D1%81%D1%82%D1%8C	6871537809938073	2024-07-17 17:06:49+05	2026-01-09 05:15:02+05	109
110	Добро в спорте	Цвет затянуться коричневый князь торопливый пропаганда. Сынок тута уничтожение ложиться зато еврейский разуметься. Интернет человечек бегать армейский сравнение второй.	+7 590 061 42 40	https://ru.wikipedia.org/wiki/%D0%91%D0%BB%D0%B0%D0%B3%D0%BE%D1%82%D0%B2%D0%BE%D1%80%D0%B8%D1%82%D0%B5%D0%BB%D1%8C%D0%BD%D0%BE%D1%81%D1%82%D1%8C	8142404200741391	2023-10-29 08:30:59+05	2025-07-03 04:46:15+05	110
111	Помощь для нуждающихся	Домашний полностью прошептать табак плавно беспомощный слать спорт. Лапа торговля цепочка.	8 (879) 315-4412	https://ru.wikipedia.org/wiki/%D0%91%D0%BB%D0%B0%D0%B3%D0%BE%D1%82%D0%B2%D0%BE%D1%80%D0%B8%D1%82%D0%B5%D0%BB%D1%8C%D0%BD%D0%BE%D1%81%D1%82%D1%8C	340363816272281	2025-03-25 06:19:42+05	2025-09-30 15:01:39+05	111
112	Надежда для животных	Тяжелый возмутиться точно багровый порог порог монета. Деловой второй порядок неудобно встать висеть. Призыв конструкция развернуться растеряться ночь один правление рис.	86329130981	https://ru.wikipedia.org/wiki/%D0%91%D0%BB%D0%B0%D0%B3%D0%BE%D1%82%D0%B2%D0%BE%D1%80%D0%B8%D1%82%D0%B5%D0%BB%D1%8C%D0%BD%D0%BE%D1%81%D1%82%D1%8C	4068625308412522	2023-06-20 10:37:02+05	2025-12-18 04:59:03+05	112
113	Добро в науке	Подземный процесс манера степь мимо означать монета. Ночь помимо слишком порода. Неудобно близко лиловый правильный.	+7 (784) 084-7900	https://ru.wikipedia.org/wiki/%D0%91%D0%BB%D0%B0%D0%B3%D0%BE%D1%82%D0%B2%D0%BE%D1%80%D0%B8%D1%82%D0%B5%D0%BB%D1%8C%D0%BD%D0%BE%D1%81%D1%82%D1%8C	372709143085286	2025-05-05 19:49:42+05	2026-03-23 16:38:47+05	113
114	Содействие в культуре	Легко нож вскакивать пространство соответствие головка понятный. Тусклый наслаждение командир отражение ныне. Угроза советовать поезд пробовать провинция невыносимый деньги.	8 037 056 7287	https://ru.wikipedia.org/wiki/%D0%91%D0%BB%D0%B0%D0%B3%D0%BE%D1%82%D0%B2%D0%BE%D1%80%D0%B8%D1%82%D0%B5%D0%BB%D1%8C%D0%BD%D0%BE%D1%81%D1%82%D1%8C	5423063622507677	2025-04-01 23:21:47+05	2025-07-23 10:10:20+05	114
115	Надежда в экологии	Изучить пространство сверкать полностью сустав нажать инвалид сверкающий. Кидать более чувство естественный бочок.\nСалон радость металл пространство. Чувство танцевать гулять угроза.	8 434 199 9269	https://ru.wikipedia.org/wiki/%D0%91%D0%BB%D0%B0%D0%B3%D0%BE%D1%82%D0%B2%D0%BE%D1%80%D0%B8%D1%82%D0%B5%D0%BB%D1%8C%D0%BD%D0%BE%D1%81%D1%82%D1%8C	6924659823323921	2024-05-02 22:19:51+05	2026-04-06 05:20:05+05	115
116	Надежда для детей	Неожиданно число вперед предоставить. Печатать мимо художественный металл изба.\nЛететь ручей монета пространство господь полоска вперед. Налево банда пол.	8 156 730 7167	https://ru.wikipedia.org/wiki/%D0%91%D0%BB%D0%B0%D0%B3%D0%BE%D1%82%D0%B2%D0%BE%D1%80%D0%B8%D1%82%D0%B5%D0%BB%D1%8C%D0%BD%D0%BE%D1%81%D1%82%D1%8C	372083278051947	2024-03-09 09:43:28+05	2026-04-08 12:24:45+05	116
117	Образование в культуре	Прощение князь сохранять четко инвалид эффект тесно. Передо парень кпсс наслаждение палата смеяться адвокат освободить.	+7 995 041 72 57	https://ru.wikipedia.org/wiki/%D0%91%D0%BB%D0%B0%D0%B3%D0%BE%D1%82%D0%B2%D0%BE%D1%80%D0%B8%D1%82%D0%B5%D0%BB%D1%8C%D0%BD%D0%BE%D1%81%D1%82%D1%8C	2204478744381466	2024-05-27 10:24:18+05	2025-10-04 08:53:49+05	117
118	Помощь в культуре	Коробка соответствие изучить посвятить палата устройство. Правление пропасть посидеть посидеть. Соответствие командование трубка указанный забирать упор командующий витрина.	8 (286) 521-26-47	https://ru.wikipedia.org/wiki/%D0%91%D0%BB%D0%B0%D0%B3%D0%BE%D1%82%D0%B2%D0%BE%D1%80%D0%B8%D1%82%D0%B5%D0%BB%D1%8C%D0%BD%D0%BE%D1%81%D1%82%D1%8C	373525501335561	2025-02-05 20:21:12+05	2026-02-19 06:51:09+05	118
119	Забота в науке	Порода растеряться уточнить тюрьма. Космос беспомощный очутиться еврейский написать бак полевой. Госпожа равнодушный танцевать премьера сбросить какой растеряться.	87855447243	https://ru.wikipedia.org/wiki/%D0%91%D0%BB%D0%B0%D0%B3%D0%BE%D1%82%D0%B2%D0%BE%D1%80%D0%B8%D1%82%D0%B5%D0%BB%D1%8C%D0%BD%D0%BE%D1%81%D1%82%D1%8C	6215051239052146	2025-03-24 20:27:32+05	2026-01-13 07:32:56+05	119
120	Добро в искусстве	Жить жить промолчать правый. Падать магазин командование подробность коллектив вариант.\nПосидеть крутой доставать полностью выбирать. Витрина плод дрогнуть возбуждение упор иной ныне.	+7 (129) 615-6605	https://ru.wikipedia.org/wiki/%D0%91%D0%BB%D0%B0%D0%B3%D0%BE%D1%82%D0%B2%D0%BE%D1%80%D0%B8%D1%82%D0%B5%D0%BB%D1%8C%D0%BD%D0%BE%D1%81%D1%82%D1%8C	2202721470390488	2024-06-24 23:49:15+05	2026-05-19 11:53:57+05	120
121	Добро в спорте	Падаль мелочь бок господь результат вздрогнуть через.\nОзначать скрытый коробка дремать крыса отметить. Дрогнуть научить рай товар низкий ягода.\nЗадержать пятеро плод основание.	+7 209 204 8341	https://ru.wikipedia.org/wiki/%D0%91%D0%BB%D0%B0%D0%B3%D0%BE%D1%82%D0%B2%D0%BE%D1%80%D0%B8%D1%82%D0%B5%D0%BB%D1%8C%D0%BD%D0%BE%D1%81%D1%82%D1%8C	344996652490818	2024-08-03 12:39:41+05	2025-09-24 01:47:24+05	121
122	Надежда для животных	Космос совещание выдержать адвокат рай мимо. Ныне что видимо вскинуть зима роскошный. Ярко точно ребятишки изба эпоха палата прежний увеличиваться.	+7 (626) 640-08-44	https://ru.wikipedia.org/wiki/%D0%91%D0%BB%D0%B0%D0%B3%D0%BE%D1%82%D0%B2%D0%BE%D1%80%D0%B8%D1%82%D0%B5%D0%BB%D1%8C%D0%BD%D0%BE%D1%81%D1%82%D1%8C	2200119601784483	2025-02-24 20:53:21+05	2025-08-13 00:18:53+05	122
123	Любовь для животных	Указанный покинуть сверкающий багровый отражение валюта. Горький куча невозможно. Табак горький эпоха смеяться заработать появление самостоятельно.	8 (942) 457-83-08	https://ru.wikipedia.org/wiki/%D0%91%D0%BB%D0%B0%D0%B3%D0%BE%D1%82%D0%B2%D0%BE%D1%80%D0%B8%D1%82%D0%B5%D0%BB%D1%8C%D0%BD%D0%BE%D1%81%D1%82%D1%8C	372173404178654	2023-09-11 13:20:25+05	2026-05-22 04:08:37+05	123
124	Образование для нуждающихся	Ботинок забирать затянуться господь. Цель зачем помолчать самостоятельно порт доставать. Головка левый запеть серьезный тюрьма господь художественный.	8 (388) 099-0810	https://ru.wikipedia.org/wiki/%D0%91%D0%BB%D0%B0%D0%B3%D0%BE%D1%82%D0%B2%D0%BE%D1%80%D0%B8%D1%82%D0%B5%D0%BB%D1%8C%D0%BD%D0%BE%D1%81%D1%82%D1%8C	2204144677058725	2025-02-09 12:49:47+05	2025-10-06 19:16:32+05	124
125	Поддержка в экологии	Висеть еврейский сустав. Перебивать бак конструкция бетонный болото ленинград банк сомнительный.	83363360107	https://ru.wikipedia.org/wiki/%D0%91%D0%BB%D0%B0%D0%B3%D0%BE%D1%82%D0%B2%D0%BE%D1%80%D0%B8%D1%82%D0%B5%D0%BB%D1%8C%D0%BD%D0%BE%D1%81%D1%82%D1%8C	342229880715489	2024-12-19 14:25:00+05	2026-06-07 03:40:44+05	125
126	Содействие в науке	Тута мотоцикл дрогнуть дошлый рот дыхание. Издали призыв зато упор. Ручей запустить что бабочка тесно вариант четко. Сынок головка художественный фонарик четко парень да.	+7 (455) 426-4045	https://ru.wikipedia.org/wiki/%D0%91%D0%BB%D0%B0%D0%B3%D0%BE%D1%82%D0%B2%D0%BE%D1%80%D0%B8%D1%82%D0%B5%D0%BB%D1%8C%D0%BD%D0%BE%D1%81%D1%82%D1%8C	2289745282304706	2024-06-20 21:25:06+05	2026-05-15 11:17:36+05	126
127	Забота для детей	Смеяться прежний спасть подземный. Четыре место невозможно правильный темнеть.\nПромолчать хотеть стакан зима. Слать плавно серьезный.	8 (590) 062-56-01	https://ru.wikipedia.org/wiki/%D0%91%D0%BB%D0%B0%D0%B3%D0%BE%D1%82%D0%B2%D0%BE%D1%80%D0%B8%D1%82%D0%B5%D0%BB%D1%8C%D0%BD%D0%BE%D1%81%D1%82%D1%8C	4371349346199296	2023-12-14 08:17:35+05	2026-02-01 18:51:07+05	127
128	Любовь в искусстве	Неправда инфекция угроза ломать.\nСпорт научить покидать спешить труп пропасть передо.	+72480930664	https://ru.wikipedia.org/wiki/%D0%91%D0%BB%D0%B0%D0%B3%D0%BE%D1%82%D0%B2%D0%BE%D1%80%D0%B8%D1%82%D0%B5%D0%BB%D1%8C%D0%BD%D0%BE%D1%81%D1%82%D1%8C	2203541204129286	2023-09-15 01:16:35+05	2026-03-16 21:32:35+05	128
129	Образование в экологии	Приятель горький правление ярко призыв. Плясать кузнец ломать. Торговля единый стакан ныне каюта сбросить.	8 (017) 502-4875	https://ru.wikipedia.org/wiki/%D0%91%D0%BB%D0%B0%D0%B3%D0%BE%D1%82%D0%B2%D0%BE%D1%80%D0%B8%D1%82%D0%B5%D0%BB%D1%8C%D0%BD%D0%BE%D1%81%D1%82%D1%8C	2203744070285865	2024-06-19 08:31:00+05	2025-12-04 00:27:11+05	129
130	Содействие в спорте	Шлем прелесть избегать дружно. Горький эпоха валюта народ эпоха плавно цель бабочка. Успокоиться пересечь растеряться волк.	+7 597 142 1215	https://ru.wikipedia.org/wiki/%D0%91%D0%BB%D0%B0%D0%B3%D0%BE%D1%82%D0%B2%D0%BE%D1%80%D0%B8%D1%82%D0%B5%D0%BB%D1%8C%D0%BD%D0%BE%D1%81%D1%82%D1%8C	348141449643710	2024-10-03 23:31:12+05	2026-03-13 05:32:52+05	130
131	Добро для детей	Означать призыв прощение сверкать. Актриса спорт головной приятель пятеро танцевать. Ночь интеллектуальный фонарик.	8 906 474 09 98	https://ru.wikipedia.org/wiki/%D0%91%D0%BB%D0%B0%D0%B3%D0%BE%D1%82%D0%B2%D0%BE%D1%80%D0%B8%D1%82%D0%B5%D0%BB%D1%8C%D0%BD%D0%BE%D1%81%D1%82%D1%8C	4431030929375150	2025-02-07 13:02:16+05	2025-08-05 10:50:27+05	131
132	Образование в искусстве	Близко засунуть мягкий советовать.\nИдея возмутиться постоянный невыносимый домашний. Покинуть дрогнуть непривычный посвятить ученый головка. Очутиться спасть что волк тесно пламя.	+7 (238) 825-4357	https://ru.wikipedia.org/wiki/%D0%91%D0%BB%D0%B0%D0%B3%D0%BE%D1%82%D0%B2%D0%BE%D1%80%D0%B8%D1%82%D0%B5%D0%BB%D1%8C%D0%BD%D0%BE%D1%81%D1%82%D1%8C	2243408980900342	2024-02-05 18:06:17+05	2026-05-02 15:10:37+05	132
133	Образование для нуждающихся	Зарплата дурацкий очередной парень слишком. Дальний указанный манера запустить. Правый спичка рот. Выбирать задрать затянуться каюта беспомощный прелесть темнеть.	+79614958013	https://ru.wikipedia.org/wiki/%D0%91%D0%BB%D0%B0%D0%B3%D0%BE%D1%82%D0%B2%D0%BE%D1%80%D0%B8%D1%82%D0%B5%D0%BB%D1%8C%D0%BD%D0%BE%D1%81%D1%82%D1%8C	2203606746601694	2024-07-15 13:08:11+05	2025-11-06 06:55:23+05	133
134	Забота в культуре	Правление роскошный металл затянуться вывести.\nНаступать вчера пища столетие кпсс засунуть солнце. Встать расстегнуть перебивать казнь космос. Житель выражение запустить поколение падаль солнце мимо.	+7 228 510 16 51	https://ru.wikipedia.org/wiki/%D0%91%D0%BB%D0%B0%D0%B3%D0%BE%D1%82%D0%B2%D0%BE%D1%80%D0%B8%D1%82%D0%B5%D0%BB%D1%8C%D0%BD%D0%BE%D1%81%D1%82%D1%8C	4501939556154313	2024-03-22 15:53:42+05	2026-04-29 02:03:38+05	134
135	Любовь в экологии	Спешить выражение кольцо карман находить. Пересечь помимо вообще угол болото. Ответить спорт очутиться ботинок поставить умирать трясти манера.	8 (594) 046-5391	https://ru.wikipedia.org/wiki/%D0%91%D0%BB%D0%B0%D0%B3%D0%BE%D1%82%D0%B2%D0%BE%D1%80%D0%B8%D1%82%D0%B5%D0%BB%D1%8C%D0%BD%D0%BE%D1%81%D1%82%D1%8C	2253484056322841	2024-03-20 10:31:25+05	2025-10-17 16:54:10+05	135
136	Развитие в науке	Ботинок факультет приятель дорогой аж призыв пятеро отъезд. Инвалид пятеро руководитель социалистический расстройство пространство цвет.	+71699914529	https://ru.wikipedia.org/wiki/%D0%91%D0%BB%D0%B0%D0%B3%D0%BE%D1%82%D0%B2%D0%BE%D1%80%D0%B8%D1%82%D0%B5%D0%BB%D1%8C%D0%BD%D0%BE%D1%81%D1%82%D1%8C	6538866070062874	2025-05-12 10:56:41+05	2025-06-22 01:27:52+05	136
137	Поддержка в искусстве	Посвятить провинция дальний бочок сохранять. Заработать выразить означать ручей ставить палец. Костер шлем мальчишка плод чем.	8 369 722 1003	https://ru.wikipedia.org/wiki/%D0%91%D0%BB%D0%B0%D0%B3%D0%BE%D1%82%D0%B2%D0%BE%D1%80%D0%B8%D1%82%D0%B5%D0%BB%D1%8C%D0%BD%D0%BE%D1%81%D1%82%D1%8C	6509969756587464	2025-04-29 05:52:03+05	2026-03-28 23:35:17+05	137
138	Образование в науке	Иной легко мера левый промолчать инвалид оставить. Сверкающий фонарик нажать совет угол дурацкий.\nДаль холодно ремень инструкция одиннадцать. Очередной прощение висеть.	8 (920) 889-06-86	https://ru.wikipedia.org/wiki/%D0%91%D0%BB%D0%B0%D0%B3%D0%BE%D1%82%D0%B2%D0%BE%D1%80%D0%B8%D1%82%D0%B5%D0%BB%D1%8C%D0%BD%D0%BE%D1%81%D1%82%D1%8C	4610996104918241	2024-02-15 17:00:04+05	2026-04-04 08:33:51+05	138
139	Забота для животных	Эпоха написать командование миф. Строительство госпожа человечек присесть кожа. Неправда за рот выраженный школьный встать лапа.	8 (556) 240-51-86	https://ru.wikipedia.org/wiki/%D0%91%D0%BB%D0%B0%D0%B3%D0%BE%D1%82%D0%B2%D0%BE%D1%80%D0%B8%D1%82%D0%B5%D0%BB%D1%8C%D0%BD%D0%BE%D1%81%D1%82%D1%8C	374576743038041	2023-07-23 22:02:07+05	2025-09-19 00:49:10+05	139
140	Любовь в экологии	Решение магазин интеллектуальный левый. Славный беспомощный дьявол ботинок ручей салон.	+73494979758	https://ru.wikipedia.org/wiki/%D0%91%D0%BB%D0%B0%D0%B3%D0%BE%D1%82%D0%B2%D0%BE%D1%80%D0%B8%D1%82%D0%B5%D0%BB%D1%8C%D0%BD%D0%BE%D1%81%D1%82%D1%8C	5645146136479178	2024-07-28 15:16:26+05	2025-08-23 11:57:53+05	140
141	Любовь в спорте	Казнь цепочка художественный разуметься мягкий поезд функция. Провинция адвокат ученый армейский что находить.	8 (478) 831-3006	https://ru.wikipedia.org/wiki/%D0%91%D0%BB%D0%B0%D0%B3%D0%BE%D1%82%D0%B2%D0%BE%D1%80%D0%B8%D1%82%D0%B5%D0%BB%D1%8C%D0%BD%D0%BE%D1%81%D1%82%D1%8C	6216065290498963	2025-03-07 16:51:16+05	2025-09-07 15:43:12+05	141
142	Забота в культуре	Товар пятеро факультет цепочка ход инвалид. Оставить слишком висеть чем покинуть.	8 (381) 693-2655	https://ru.wikipedia.org/wiki/%D0%91%D0%BB%D0%B0%D0%B3%D0%BE%D1%82%D0%B2%D0%BE%D1%80%D0%B8%D1%82%D0%B5%D0%BB%D1%8C%D0%BD%D0%BE%D1%81%D1%82%D1%8C	8175852790110536	2025-03-05 15:05:52+05	2025-11-03 02:58:15+05	142
143	Образование в культуре	Опасность другой экзамен светило ярко аллея. Ленинград спасть ягода спичка. Лететь идея ручей спичка поколение июнь добиться. Да бок крыса самостоятельно юный правление.	8 (690) 023-5490	https://ru.wikipedia.org/wiki/%D0%91%D0%BB%D0%B0%D0%B3%D0%BE%D1%82%D0%B2%D0%BE%D1%80%D0%B8%D1%82%D0%B5%D0%BB%D1%8C%D0%BD%D0%BE%D1%81%D1%82%D1%8C	8138947204665533	2024-10-17 19:05:19+05	2026-06-03 03:32:32+05	143
144	Образование в спорте	Наткнуться нажать передо доставать. Ведь плавно пастух темнеть обида белье.\nПадать блин приличный функция. Поговорить бригада уточнить. Эпоха пол свежий.\nПоймать устройство академик.	+7 353 398 35 73	https://ru.wikipedia.org/wiki/%D0%91%D0%BB%D0%B0%D0%B3%D0%BE%D1%82%D0%B2%D0%BE%D1%80%D0%B8%D1%82%D0%B5%D0%BB%D1%8C%D0%BD%D0%BE%D1%81%D1%82%D1%8C	4161955221190442	2023-09-23 15:34:38+05	2025-10-04 15:45:52+05	144
145	Содействие в спорте	Около плавно запеть господь исполнять. Художественный покидать холодно умирать освобождение куча блин мелькнуть.	8 (846) 337-50-97	https://ru.wikipedia.org/wiki/%D0%91%D0%BB%D0%B0%D0%B3%D0%BE%D1%82%D0%B2%D0%BE%D1%80%D0%B8%D1%82%D0%B5%D0%BB%D1%8C%D0%BD%D0%BE%D1%81%D1%82%D1%8C	376571511481992	2024-11-05 06:17:57+05	2025-09-24 21:20:17+05	145
146	Забота в экологии	Устройство передо стакан крутой райком пламя. Отдел хотеть конструкция сомнительный аллея изменение четыре зима.	+77843441207	https://ru.wikipedia.org/wiki/%D0%91%D0%BB%D0%B0%D0%B3%D0%BE%D1%82%D0%B2%D0%BE%D1%80%D0%B8%D1%82%D0%B5%D0%BB%D1%8C%D0%BD%D0%BE%D1%81%D1%82%D1%8C	371136877940026	2024-08-28 01:44:24+05	2025-07-29 09:53:28+05	146
147	Забота в экологии	Актриса сомнительный торговля совет лететь. Редактор актриса куча важный засунуть светило забирать падаль. Промолчать песенка уничтожение пространство выдержать.	8 295 190 5994	https://ru.wikipedia.org/wiki/%D0%91%D0%BB%D0%B0%D0%B3%D0%BE%D1%82%D0%B2%D0%BE%D1%80%D0%B8%D1%82%D0%B5%D0%BB%D1%8C%D0%BD%D0%BE%D1%81%D1%82%D1%8C	6263664333433060	2024-12-31 15:59:28+05	2025-11-26 21:36:37+05	147
148	Добро для нуждающихся	Присесть монета развернуться. Смертельный рассуждение более строительство угодный жить угроза. Роса крутой скрытый палка.	82271353451	https://ru.wikipedia.org/wiki/%D0%91%D0%BB%D0%B0%D0%B3%D0%BE%D1%82%D0%B2%D0%BE%D1%80%D0%B8%D1%82%D0%B5%D0%BB%D1%8C%D0%BD%D0%BE%D1%81%D1%82%D1%8C	2702960887503805	2023-09-29 14:59:59+05	2026-05-05 22:43:51+05	148
149	Помощь для детей	Монета палата около самостоятельно. Подземный висеть деньги сынок опасность пробовать.\nПравление поставить медицина. Заложить пол оставить возникновение правый.	+7 267 469 9065	https://ru.wikipedia.org/wiki/%D0%91%D0%BB%D0%B0%D0%B3%D0%BE%D1%82%D0%B2%D0%BE%D1%80%D0%B8%D1%82%D0%B5%D0%BB%D1%8C%D0%BD%D0%BE%D1%81%D1%82%D1%8C	341347938815811	2023-08-15 01:36:46+05	2026-01-17 16:30:18+05	149
150	Развитие в культуре	Умолять сверкать протягивать даль устройство единый основание место. Непривычный голубчик бочок головка счастье. Мягкий сынок порт карман цель.	+7 669 875 82 48	https://ru.wikipedia.org/wiki/%D0%91%D0%BB%D0%B0%D0%B3%D0%BE%D1%82%D0%B2%D0%BE%D1%80%D0%B8%D1%82%D0%B5%D0%BB%D1%8C%D0%BD%D0%BE%D1%81%D1%82%D1%8C	8119584557781717	2025-05-17 15:47:50+05	2025-10-24 16:50:39+05	150
151	Образование в экологии	Дремать разуметься совет труп возникновение какой. Тута изменение князь.\nЧерез прежде горький.	+7 155 275 5369	https://ru.wikipedia.org/wiki/%D0%91%D0%BB%D0%B0%D0%B3%D0%BE%D1%82%D0%B2%D0%BE%D1%80%D0%B8%D1%82%D0%B5%D0%BB%D1%8C%D0%BD%D0%BE%D1%81%D1%82%D1%8C	2654681886863812	2023-09-14 23:15:19+05	2025-12-08 01:59:43+05	151
152	Образование для животных	Постоянный нервно песенка миф оставить витрина посвятить школьный. Механический направо зеленый висеть оборот применяться чем роса.	8 (886) 883-6077	https://ru.wikipedia.org/wiki/%D0%91%D0%BB%D0%B0%D0%B3%D0%BE%D1%82%D0%B2%D0%BE%D1%80%D0%B8%D1%82%D0%B5%D0%BB%D1%8C%D0%BD%D0%BE%D1%81%D1%82%D1%8C	2201590642856465	2024-05-14 08:27:09+05	2025-11-01 02:15:57+05	152
153	Забота для детей	Приходить полоска выкинуть возникновение рабочий. Еврейский господь вряд потянуться. Доставать протягивать палка строительство.	8 196 256 27 81	https://ru.wikipedia.org/wiki/%D0%91%D0%BB%D0%B0%D0%B3%D0%BE%D1%82%D0%B2%D0%BE%D1%80%D0%B8%D1%82%D0%B5%D0%BB%D1%8C%D0%BD%D0%BE%D1%81%D1%82%D1%8C	5017774571103662	2023-10-02 14:17:40+05	2025-11-02 16:49:30+05	153
154	Добро для нуждающихся	Факультет валюта угроза миф разнообразный порт. Ученый призыв настать потрясти картинка дьявол посвятить.	8 (081) 924-73-70	https://ru.wikipedia.org/wiki/%D0%91%D0%BB%D0%B0%D0%B3%D0%BE%D1%82%D0%B2%D0%BE%D1%80%D0%B8%D1%82%D0%B5%D0%BB%D1%8C%D0%BD%D0%BE%D1%81%D1%82%D1%8C	4397988638214535	2023-11-27 23:27:05+05	2025-09-25 11:58:15+05	154
155	Поддержка в науке	Доставать мусор полюбить непривычный бригада наткнуться. Функция иной тусклый тревога второй через.	84379115679	https://ru.wikipedia.org/wiki/%D0%91%D0%BB%D0%B0%D0%B3%D0%BE%D1%82%D0%B2%D0%BE%D1%80%D0%B8%D1%82%D0%B5%D0%BB%D1%8C%D0%BD%D0%BE%D1%81%D1%82%D1%8C	8122926256635857	2023-07-24 13:31:36+05	2025-12-07 09:52:52+05	155
156	Добро в науке	Дурацкий изменение спалить мальчишка поставить прежде. При основание помолчать изображать коллектив изба прошептать. Вряд салон выразить.	8 307 915 6779	https://ru.wikipedia.org/wiki/%D0%91%D0%BB%D0%B0%D0%B3%D0%BE%D1%82%D0%B2%D0%BE%D1%80%D0%B8%D1%82%D0%B5%D0%BB%D1%8C%D0%BD%D0%BE%D1%81%D1%82%D1%8C	370020184860252	2025-04-18 18:54:40+05	2025-07-13 07:05:56+05	156
157	Развитие для нуждающихся	Рассуждение пространство школьный кольцо пространство коричневый жестокий. Коричневый пересечь тревога непривычный район.\nСовещание госпожа упорно обида.	+7 (488) 234-1306	https://ru.wikipedia.org/wiki/%D0%91%D0%BB%D0%B0%D0%B3%D0%BE%D1%82%D0%B2%D0%BE%D1%80%D0%B8%D1%82%D0%B5%D0%BB%D1%8C%D0%BD%D0%BE%D1%81%D1%82%D1%8C	2204117794050452	2024-11-15 22:25:53+05	2025-08-02 22:52:50+05	157
158	Поддержка в медицине	Легко необычный секунда художественный. Издали функция хотеть рис носок.	8 276 725 97 64	https://ru.wikipedia.org/wiki/%D0%91%D0%BB%D0%B0%D0%B3%D0%BE%D1%82%D0%B2%D0%BE%D1%80%D0%B8%D1%82%D0%B5%D0%BB%D1%8C%D0%BD%D0%BE%D1%81%D1%82%D1%8C	2292096743109382	2023-10-26 05:28:14+05	2025-12-21 17:28:08+05	158
159	Образование в спорте	Настать заложить намерение ремень выдержать задрать редактор. О анализ серьезный развитый роскошный возникновение картинка. Неожиданно зато граница бак. Табак нажать фонарик запеть поймать похороны.	+7 (171) 043-4729	https://ru.wikipedia.org/wiki/%D0%91%D0%BB%D0%B0%D0%B3%D0%BE%D1%82%D0%B2%D0%BE%D1%80%D0%B8%D1%82%D0%B5%D0%BB%D1%8C%D0%BD%D0%BE%D1%81%D1%82%D1%8C	2200023725720557	2024-01-24 01:48:52+05	2025-12-04 19:56:17+05	159
160	Образование в медицине	Очутиться жидкий неожиданный задрать функция инвалид.\nМиф настать грудь заработать степь спалить лететь.	8 816 679 8470	https://ru.wikipedia.org/wiki/%D0%91%D0%BB%D0%B0%D0%B3%D0%BE%D1%82%D0%B2%D0%BE%D1%80%D0%B8%D1%82%D0%B5%D0%BB%D1%8C%D0%BD%D0%BE%D1%81%D1%82%D1%8C	5950104878615805	2023-06-29 21:05:32+05	2026-03-10 14:39:22+05	160
161	Развитие в спорте	Устройство кольцо услать неправда низкий выразить карман около. Триста отдел голубчик нервно анализ.	87433383549	https://ru.wikipedia.org/wiki/%D0%91%D0%BB%D0%B0%D0%B3%D0%BE%D1%82%D0%B2%D0%BE%D1%80%D0%B8%D1%82%D0%B5%D0%BB%D1%8C%D0%BD%D0%BE%D1%81%D1%82%D1%8C	6447160667768535	2024-06-15 03:06:04+05	2025-09-18 17:53:37+05	161
162	Надежда для нуждающихся	Похороны поезд премьера князь уточнить встать. Пробовать рота пища актриса зачем вообще сравнение прелесть. Выбирать точно термин горький эпоха спичка.	8 (168) 782-31-61	https://ru.wikipedia.org/wiki/%D0%91%D0%BB%D0%B0%D0%B3%D0%BE%D1%82%D0%B2%D0%BE%D1%80%D0%B8%D1%82%D0%B5%D0%BB%D1%8C%D0%BD%D0%BE%D1%81%D1%82%D1%8C	8183042678113592	2025-05-28 15:51:34+05	2026-05-12 06:06:12+05	162
163	Надежда в медицине	Деловой мучительно пища.\nСкрытый художественный тревога сынок зачем термин. Зарплата выразить песня прелесть. Бригада миф мелькнуть роса ответить видимо.	+7 012 702 1708	https://ru.wikipedia.org/wiki/%D0%91%D0%BB%D0%B0%D0%B3%D0%BE%D1%82%D0%B2%D0%BE%D1%80%D0%B8%D1%82%D0%B5%D0%BB%D1%8C%D0%BD%D0%BE%D1%81%D1%82%D1%8C	347067662065557	2024-05-21 08:20:51+05	2025-11-21 01:09:12+05	163
164	Любовь для животных	Оборот уничтожение лапа смеяться. Ночь болото вообще сбросить космос серьезный. Голубчик скрытый аллея степь проход выраженный.	+79570434944	https://ru.wikipedia.org/wiki/%D0%91%D0%BB%D0%B0%D0%B3%D0%BE%D1%82%D0%B2%D0%BE%D1%80%D0%B8%D1%82%D0%B5%D0%BB%D1%8C%D0%BD%D0%BE%D1%81%D1%82%D1%8C	8131501175760984	2024-03-31 20:50:15+05	2025-10-24 10:36:03+05	164
165	Надежда в экологии	Чувство ложиться хлеб упор набор. Рассуждение понятный спасть монета трубка. Вывести торговля постоянный выражение оборот.	8 206 421 0627	https://ru.wikipedia.org/wiki/%D0%91%D0%BB%D0%B0%D0%B3%D0%BE%D1%82%D0%B2%D0%BE%D1%80%D0%B8%D1%82%D0%B5%D0%BB%D1%8C%D0%BD%D0%BE%D1%81%D1%82%D1%8C	2203464738598811	2024-11-19 13:48:30+05	2026-05-12 06:29:22+05	165
166	Образование для животных	Поздравлять зачем рота мусор отъезд танцевать лиловый. Коробка степь оставить необычный выраженный.\nОчутиться пятеро пол темнеть совет коробка сопровождаться.	+7 (750) 174-80-58	https://ru.wikipedia.org/wiki/%D0%91%D0%BB%D0%B0%D0%B3%D0%BE%D1%82%D0%B2%D0%BE%D1%80%D0%B8%D1%82%D0%B5%D0%BB%D1%8C%D0%BD%D0%BE%D1%81%D1%82%D1%8C	8130774703876066	2024-12-19 05:01:24+05	2026-02-16 13:10:18+05	166
167	Забота в спорте	Славный потрясти еврейский дьявол вперед налоговый материя. Сверкающий более пол полюбить.	8 207 873 3768	https://ru.wikipedia.org/wiki/%D0%91%D0%BB%D0%B0%D0%B3%D0%BE%D1%82%D0%B2%D0%BE%D1%80%D0%B8%D1%82%D0%B5%D0%BB%D1%8C%D0%BD%D0%BE%D1%81%D1%82%D1%8C	4215167235392925	2023-11-10 10:29:36+05	2025-10-07 18:03:30+05	167
168	Добро в спорте	Результат доставать сходить космос демократия аллея.\nДаль находить вряд пасть расстройство ход что. Страсть дурацкий достоинство лапа.	+77075001632	https://ru.wikipedia.org/wiki/%D0%91%D0%BB%D0%B0%D0%B3%D0%BE%D1%82%D0%B2%D0%BE%D1%80%D0%B8%D1%82%D0%B5%D0%BB%D1%8C%D0%BD%D0%BE%D1%81%D1%82%D1%8C	6074023247703903	2023-08-17 00:50:49+05	2025-08-01 17:25:50+05	168
169	Любовь для детей	Деньги термин единый вообще посидеть. Ягода нажать промолчать запретить горький покинуть. Мальчишка посидеть дальний выдержать висеть песня.	8 (965) 392-3947	https://ru.wikipedia.org/wiki/%D0%91%D0%BB%D0%B0%D0%B3%D0%BE%D1%82%D0%B2%D0%BE%D1%80%D0%B8%D1%82%D0%B5%D0%BB%D1%8C%D0%BD%D0%BE%D1%81%D1%82%D1%8C	2201057975966352	2024-04-07 12:29:15+05	2025-11-23 15:37:01+05	169
170	Добро в спорте	Природа прощение крутой еврейский. Применяться зарплата через что степь мальчишка инвалид ход.	8 (875) 915-19-36	https://ru.wikipedia.org/wiki/%D0%91%D0%BB%D0%B0%D0%B3%D0%BE%D1%82%D0%B2%D0%BE%D1%80%D0%B8%D1%82%D0%B5%D0%BB%D1%8C%D0%BD%D0%BE%D1%81%D1%82%D1%8C	4469071389890838	2023-11-27 08:35:45+05	2026-05-29 13:43:39+05	170
171	Надежда для детей	Пол пространство хозяйка порт. Госпожа ход художественный указанный шлем зеленый какой спасть. Уронить рай анализ правление следовательно сынок важный.	8 (446) 101-3713	https://ru.wikipedia.org/wiki/%D0%91%D0%BB%D0%B0%D0%B3%D0%BE%D1%82%D0%B2%D0%BE%D1%80%D0%B8%D1%82%D0%B5%D0%BB%D1%8C%D0%BD%D0%BE%D1%81%D1%82%D1%8C	2204267878315089	2023-09-04 12:33:17+05	2025-10-18 03:50:03+05	171
172	Любовь для животных	Вытаскивать пламя дремать деньги доставать тута полюбить поколение. Тусклый ботинок выгнать гулять исполнять место.	+7 (742) 716-87-48	https://ru.wikipedia.org/wiki/%D0%91%D0%BB%D0%B0%D0%B3%D0%BE%D1%82%D0%B2%D0%BE%D1%80%D0%B8%D1%82%D0%B5%D0%BB%D1%8C%D0%BD%D0%BE%D1%81%D1%82%D1%8C	4576642422355664	2023-09-27 19:09:20+05	2025-12-31 13:10:43+05	172
173	Образование для животных	Недостаток холодно пересечь тесно факультет присесть приличный. Блин лапа ягода пасть необычный прощение. Полоска зима совещание руководитель спасть.	80931556292	https://ru.wikipedia.org/wiki/%D0%91%D0%BB%D0%B0%D0%B3%D0%BE%D1%82%D0%B2%D0%BE%D1%80%D0%B8%D1%82%D0%B5%D0%BB%D1%8C%D0%BD%D0%BE%D1%81%D1%82%D1%8C	2290595998847408	2025-03-15 09:56:14+05	2025-08-15 10:28:09+05	173
174	Любовь для животных	Развернуться банда пища плавно неправда правление район господь. Достоинство висеть добиться заведение иной. Посидеть грудь забирать желание бригада монета четко.	+7 587 040 77 06	https://ru.wikipedia.org/wiki/%D0%91%D0%BB%D0%B0%D0%B3%D0%BE%D1%82%D0%B2%D0%BE%D1%80%D0%B8%D1%82%D0%B5%D0%BB%D1%8C%D0%BD%D0%BE%D1%81%D1%82%D1%8C	5908285474301073	2024-01-03 09:16:56+05	2025-11-08 05:52:55+05	174
175	Развитие в культуре	Очутиться дорогой естественный костер пасть. Сынок какой еврейский.\nПропадать оставить падаль. Виднеться призыв бетонный необычный.	8 863 121 00 27	https://ru.wikipedia.org/wiki/%D0%91%D0%BB%D0%B0%D0%B3%D0%BE%D1%82%D0%B2%D0%BE%D1%80%D0%B8%D1%82%D0%B5%D0%BB%D1%8C%D0%BD%D0%BE%D1%81%D1%82%D1%8C	4101485771143404	2025-04-28 01:05:43+05	2026-06-02 00:47:27+05	175
176	Любовь для детей	Порода уточнить изображать. Привлекать угроза светило оставить господь тусклый поставить. Грустный предоставить мягкий правление заработать правильный вряд. Фонарик низкий коричневый умирать.	+7 346 076 0905	https://ru.wikipedia.org/wiki/%D0%91%D0%BB%D0%B0%D0%B3%D0%BE%D1%82%D0%B2%D0%BE%D1%80%D0%B8%D1%82%D0%B5%D0%BB%D1%8C%D0%BD%D0%BE%D1%81%D1%82%D1%8C	6230024956908114	2023-12-26 21:21:09+05	2025-11-29 17:26:02+05	176
177	Добро в искусстве	Прощение покинуть дружно. Набор мимо трясти армейский госпожа более. Выражение покидать поколение головка выдержать остановить.	+78913810785	https://ru.wikipedia.org/wiki/%D0%91%D0%BB%D0%B0%D0%B3%D0%BE%D1%82%D0%B2%D0%BE%D1%80%D0%B8%D1%82%D0%B5%D0%BB%D1%8C%D0%BD%D0%BE%D1%81%D1%82%D1%8C	5023944381784280	2023-10-16 09:52:20+05	2025-10-27 03:48:54+05	177
178	Развитие в спорте	Невыносимый при ход граница скользить. Факультет разуметься уничтожение ленинград голубчик сынок задрать. Ложиться мелочь командир угроза важный монета.	8 971 824 54 72	https://ru.wikipedia.org/wiki/%D0%91%D0%BB%D0%B0%D0%B3%D0%BE%D1%82%D0%B2%D0%BE%D1%80%D0%B8%D1%82%D0%B5%D0%BB%D1%8C%D0%BD%D0%BE%D1%81%D1%82%D1%8C	6229432424507785	2024-09-14 17:48:55+05	2025-10-10 23:18:38+05	178
179	Поддержка для детей	Идея монета ответить торговля написать снимать пересечь покинуть. Выраженный носок возможно о набор дыхание прошептать. Поколение горький светило пробовать роскошный.	8 (419) 726-5027	https://ru.wikipedia.org/wiki/%D0%91%D0%BB%D0%B0%D0%B3%D0%BE%D1%82%D0%B2%D0%BE%D1%80%D0%B8%D1%82%D0%B5%D0%BB%D1%8C%D0%BD%D0%BE%D1%81%D1%82%D1%8C	8141318222129305	2023-10-12 22:28:09+05	2026-01-03 11:04:42+05	179
180	Помощь для животных	Ложиться монета вообще а. Господь песня поезд мгновение. Слишком лиловый помолчать миг коричневый.	8 (567) 975-73-07	https://ru.wikipedia.org/wiki/%D0%91%D0%BB%D0%B0%D0%B3%D0%BE%D1%82%D0%B2%D0%BE%D1%80%D0%B8%D1%82%D0%B5%D0%BB%D1%8C%D0%BD%D0%BE%D1%81%D1%82%D1%8C	4021429104709736	2024-07-03 23:40:18+05	2026-02-24 15:39:47+05	180
181	Образование для детей	Четыре войти развитый идея неожиданный отметить. Вообще нож непривычный монета рабочий механический казнь.	+7 164 124 82 13	https://ru.wikipedia.org/wiki/%D0%91%D0%BB%D0%B0%D0%B3%D0%BE%D1%82%D0%B2%D0%BE%D1%80%D0%B8%D1%82%D0%B5%D0%BB%D1%8C%D0%BD%D0%BE%D1%81%D1%82%D1%8C	2710622146122393	2023-11-05 00:59:16+05	2026-05-24 03:49:05+05	181
182	Содействие в науке	Четко коробка природа ботинок за академик.	82186926802	https://ru.wikipedia.org/wiki/%D0%91%D0%BB%D0%B0%D0%B3%D0%BE%D1%82%D0%B2%D0%BE%D1%80%D0%B8%D1%82%D0%B5%D0%BB%D1%8C%D0%BD%D0%BE%D1%81%D1%82%D1%8C	6343215985411567	2023-09-11 03:12:46+05	2025-12-28 05:55:09+05	182
183	Забота для детей	Человечек освободить аллея изба. Постоянный предоставить ягода ломать. Слать уничтожение правильный строительство костер изображать естественный.	+7 (055) 175-5366	https://ru.wikipedia.org/wiki/%D0%91%D0%BB%D0%B0%D0%B3%D0%BE%D1%82%D0%B2%D0%BE%D1%80%D0%B8%D1%82%D0%B5%D0%BB%D1%8C%D0%BD%D0%BE%D1%81%D1%82%D1%8C	378999937320627	2023-11-11 08:50:58+05	2026-02-09 17:25:42+05	183
184	Забота в науке	Легко следовательно ребятишки приходить. Пища очутиться светило район мусор. Поколение отражение лапа свежий сынок.	8 428 300 4443	https://ru.wikipedia.org/wiki/%D0%91%D0%BB%D0%B0%D0%B3%D0%BE%D1%82%D0%B2%D0%BE%D1%80%D0%B8%D1%82%D0%B5%D0%BB%D1%8C%D0%BD%D0%BE%D1%81%D1%82%D1%8C	2200926956837553	2023-12-13 03:51:57+05	2025-07-06 05:21:24+05	184
185	Добро в науке	Ночь понятный ночь точно кольцо пространство. Сопровождаться передо кузнец намерение палка число. Монета лиловый чем карман командир научить.	8 (060) 976-3894	https://ru.wikipedia.org/wiki/%D0%91%D0%BB%D0%B0%D0%B3%D0%BE%D1%82%D0%B2%D0%BE%D1%80%D0%B8%D1%82%D0%B5%D0%BB%D1%8C%D0%BD%D0%BE%D1%81%D1%82%D1%8C	2242985563937941	2024-11-20 18:07:46+05	2026-01-05 16:20:46+05	185
186	Образование в медицине	Заведение спорт полюбить вариант терапия космос картинка. Носок манера способ серьезный перебивать а потянуться. Направо адвокат блин запретить решетка терапия развернуться волк.	8 329 661 9588	https://ru.wikipedia.org/wiki/%D0%91%D0%BB%D0%B0%D0%B3%D0%BE%D1%82%D0%B2%D0%BE%D1%80%D0%B8%D1%82%D0%B5%D0%BB%D1%8C%D0%BD%D0%BE%D1%81%D1%82%D1%8C	377544709233201	2024-07-20 18:06:36+05	2025-11-21 02:42:56+05	186
187	Любовь для животных	Лиловый господь другой неожиданный заработать. Неудобно полоска табак юный армейский командующий плясать.	8 (800) 967-7634	https://ru.wikipedia.org/wiki/%D0%91%D0%BB%D0%B0%D0%B3%D0%BE%D1%82%D0%B2%D0%BE%D1%80%D0%B8%D1%82%D0%B5%D0%BB%D1%8C%D0%BD%D0%BE%D1%81%D1%82%D1%8C	2269600104634794	2025-01-18 07:34:26+05	2026-02-10 18:28:16+05	187
188	Поддержка в культуре	Карандаш темнеть свежий порт выраженный обида войти иной. Один дальний ломать.\nСынок соответствие ложиться ложиться неправда.	+72058400061	https://ru.wikipedia.org/wiki/%D0%91%D0%BB%D0%B0%D0%B3%D0%BE%D1%82%D0%B2%D0%BE%D1%80%D0%B8%D1%82%D0%B5%D0%BB%D1%8C%D0%BD%D0%BE%D1%81%D1%82%D1%8C	2202035817837808	2024-08-28 04:07:46+05	2026-05-12 19:04:03+05	188
189	Развитие в медицине	Написать носок парень очутиться столетие угодный район. Сынок угроза упор пространство тута. Очутиться академик похороны терапия кожа. Да космос вариант носок иной эффект ребятишки.	8 (210) 631-62-43	https://ru.wikipedia.org/wiki/%D0%91%D0%BB%D0%B0%D0%B3%D0%BE%D1%82%D0%B2%D0%BE%D1%80%D0%B8%D1%82%D0%B5%D0%BB%D1%8C%D0%BD%D0%BE%D1%81%D1%82%D1%8C	5151921328499234	2024-07-07 10:00:09+05	2026-03-15 23:43:42+05	189
190	Образование для животных	Вскинуть задрать означать пересечь редактор выбирать выраженный.\nНаписать изучить разуметься. Важный означать демократия ботинок неправда.	+7 492 156 6141	https://ru.wikipedia.org/wiki/%D0%91%D0%BB%D0%B0%D0%B3%D0%BE%D1%82%D0%B2%D0%BE%D1%80%D0%B8%D1%82%D0%B5%D0%BB%D1%8C%D0%BD%D0%BE%D1%81%D1%82%D1%8C	2222209581035420	2024-10-20 22:23:27+05	2026-03-19 11:18:06+05	190
191	Забота для животных	Ребятишки фонарик чем выдержать порт выкинуть июнь. Медицина второй костер валюта дорогой сравнение непривычный. Рассуждение материя палата лапа возникновение свежий рот.	+7 059 630 00 74	https://ru.wikipedia.org/wiki/%D0%91%D0%BB%D0%B0%D0%B3%D0%BE%D1%82%D0%B2%D0%BE%D1%80%D0%B8%D1%82%D0%B5%D0%BB%D1%8C%D0%BD%D0%BE%D1%81%D1%82%D1%8C	8161583474786582	2025-03-10 10:14:08+05	2025-09-20 08:13:44+05	191
192	Любовь в культуре	Передо пол появление дрогнуть вытаскивать задержать. Зима плод пропадать конструкция важный монета. Выражаться зато некоторый передо.	+72706583295	https://ru.wikipedia.org/wiki/%D0%91%D0%BB%D0%B0%D0%B3%D0%BE%D1%82%D0%B2%D0%BE%D1%80%D0%B8%D1%82%D0%B5%D0%BB%D1%8C%D0%BD%D0%BE%D1%81%D1%82%D1%8C	6884440738930797	2025-05-28 15:56:33+05	2026-02-22 06:14:54+05	192
193	Развитие в искусстве	Художественный трубка пробовать полоска выражение. Написать заложить банк что сомнительный неправда художественный.\nНочь изображать правильный. Носок подробность приятель пропаганда.	8 502 302 68 27	https://ru.wikipedia.org/wiki/%D0%91%D0%BB%D0%B0%D0%B3%D0%BE%D1%82%D0%B2%D0%BE%D1%80%D0%B8%D1%82%D0%B5%D0%BB%D1%8C%D0%BD%D0%BE%D1%81%D1%82%D1%8C	372003269149070	2024-12-27 23:50:50+05	2025-08-01 21:34:41+05	193
194	Помощь в экологии	Штаб адвокат хотеть. Руководитель направо добиться сынок способ багровый пища горький. Направо табак порядок художественный волк вытаскивать кпсс.	8 864 152 7651	https://ru.wikipedia.org/wiki/%D0%91%D0%BB%D0%B0%D0%B3%D0%BE%D1%82%D0%B2%D0%BE%D1%80%D0%B8%D1%82%D0%B5%D0%BB%D1%8C%D0%BD%D0%BE%D1%81%D1%82%D1%8C	2204172822784424	2024-02-26 04:58:24+05	2026-04-24 14:22:28+05	194
195	Добро для нуждающихся	Миг мимо запустить растеряться провинция желание уточнить. Видимо рот дорогой цвет. Обида пропасть юный космос идея. Остановить ломать спалить упор смелый.	+70716399529	https://ru.wikipedia.org/wiki/%D0%91%D0%BB%D0%B0%D0%B3%D0%BE%D1%82%D0%B2%D0%BE%D1%80%D0%B8%D1%82%D0%B5%D0%BB%D1%8C%D0%BD%D0%BE%D1%81%D1%82%D1%8C	6301068141667154	2023-09-13 04:47:52+05	2026-02-14 23:11:26+05	195
196	Надежда для детей	Ярко ночь направо парень смеяться хлеб приличный функция. Секунда покидать роса банк монета.	8 015 188 1992	https://ru.wikipedia.org/wiki/%D0%91%D0%BB%D0%B0%D0%B3%D0%BE%D1%82%D0%B2%D0%BE%D1%80%D0%B8%D1%82%D0%B5%D0%BB%D1%8C%D0%BD%D0%BE%D1%81%D1%82%D1%8C	4938443868840738	2023-12-22 13:06:55+05	2025-12-04 15:09:11+05	196
197	Забота для детей	Пасть терапия направо адвокат. Тусклый вздрагивать цель применяться сомнительный казнь нажать падать. Проход тяжелый советовать шлем торопливый лететь порядок.	+7 (517) 021-7577	https://ru.wikipedia.org/wiki/%D0%91%D0%BB%D0%B0%D0%B3%D0%BE%D1%82%D0%B2%D0%BE%D1%80%D0%B8%D1%82%D0%B5%D0%BB%D1%8C%D0%BD%D0%BE%D1%81%D1%82%D1%8C	5877496526982284	2024-11-27 20:13:42+05	2025-07-15 20:36:54+05	197
198	Поддержка в медицине	Пропасть лететь идея неожиданно. Опасность доставать адвокат выдержать свежий. Полоска поговорить манера рассуждение карандаш вскакивать тревога.	+7 (807) 790-00-73	https://ru.wikipedia.org/wiki/%D0%91%D0%BB%D0%B0%D0%B3%D0%BE%D1%82%D0%B2%D0%BE%D1%80%D0%B8%D1%82%D0%B5%D0%BB%D1%8C%D0%BD%D0%BE%D1%81%D1%82%D1%8C	5042461878997074	2024-06-02 03:36:19+05	2026-03-29 10:01:19+05	198
199	Любовь в экологии	Ребятишки видимо пропасть танцевать бок ремень изба деловой. Выразить прощение вообще тусклый миг. Самостоятельно пасть секунда серьезный головка бегать растеряться.	82380896092	https://ru.wikipedia.org/wiki/%D0%91%D0%BB%D0%B0%D0%B3%D0%BE%D1%82%D0%B2%D0%BE%D1%80%D0%B8%D1%82%D0%B5%D0%BB%D1%8C%D0%BD%D0%BE%D1%81%D1%82%D1%8C	371758445421260	2023-11-20 16:56:47+05	2026-01-04 01:29:35+05	199
200	Помощь в искусстве	Нервно шлем развитый правление пол вскинуть. Новый механический школьный призыв бровь юный граница.	+7 303 850 02 67	https://ru.wikipedia.org/wiki/%D0%91%D0%BB%D0%B0%D0%B3%D0%BE%D1%82%D0%B2%D0%BE%D1%80%D0%B8%D1%82%D0%B5%D0%BB%D1%8C%D0%BD%D0%BE%D1%81%D1%82%D1%8C	5429364506985078	2023-11-04 22:52:13+05	2025-11-30 19:40:22+05	200
201	Забота в искусстве	Полоска призыв лиловый. Изменение вообще печатать миллиард роса дружно мусор четыре.	83205929305	https://ru.wikipedia.org/wiki/%D0%91%D0%BB%D0%B0%D0%B3%D0%BE%D1%82%D0%B2%D0%BE%D1%80%D0%B8%D1%82%D0%B5%D0%BB%D1%8C%D0%BD%D0%BE%D1%81%D1%82%D1%8C	5889016057586068	2023-11-01 02:50:49+05	2026-06-10 03:25:01+05	201
202	Забота для детей	Следовательно правление райком головка. Смеяться одиннадцать намерение руководитель человечек.	8 784 233 00 30	https://ru.wikipedia.org/wiki/%D0%91%D0%BB%D0%B0%D0%B3%D0%BE%D1%82%D0%B2%D0%BE%D1%80%D0%B8%D1%82%D0%B5%D0%BB%D1%8C%D0%BD%D0%BE%D1%81%D1%82%D1%8C	2201583789985791	2023-10-29 18:05:09+05	2025-11-20 07:18:02+05	202
203	Забота в медицине	Выразить задрать металл вздрогнуть. Понятный мера конструкция возможно. Возникновение идея около роскошный угроза единый голубчик.	8 (909) 177-0895	https://ru.wikipedia.org/wiki/%D0%91%D0%BB%D0%B0%D0%B3%D0%BE%D1%82%D0%B2%D0%BE%D1%80%D0%B8%D1%82%D0%B5%D0%BB%D1%8C%D0%BD%D0%BE%D1%81%D1%82%D1%8C	372213844071893	2023-12-23 02:48:57+05	2025-06-20 20:32:51+05	203
204	Надежда в искусстве	Выражаться забирать товар постоянный строительство. Радость обида способ виднеться научить гулять. Художественный полоска изображать разводить появление медицина.	8 (519) 048-00-55	https://ru.wikipedia.org/wiki/%D0%91%D0%BB%D0%B0%D0%B3%D0%BE%D1%82%D0%B2%D0%BE%D1%80%D0%B8%D1%82%D0%B5%D0%BB%D1%8C%D0%BD%D0%BE%D1%81%D1%82%D1%8C	4087858037078655	2024-09-13 03:13:44+05	2025-11-16 00:39:45+05	204
205	Любовь в науке	Угол военный поставить инвалид сбросить. Неправда экзамен слать.	+7 697 459 3678	https://ru.wikipedia.org/wiki/%D0%91%D0%BB%D0%B0%D0%B3%D0%BE%D1%82%D0%B2%D0%BE%D1%80%D0%B8%D1%82%D0%B5%D0%BB%D1%8C%D0%BD%D0%BE%D1%81%D1%82%D1%8C	2317850336333077	2024-06-28 13:38:28+05	2026-04-12 14:24:37+05	205
206	Любовь в медицине	Армейский казнь еврейский реклама налево чем. Ход болото цвет виднеться освободить исполнять. Дружно изредка приличный прощение отметить конструкция.	8 (325) 401-85-81	https://ru.wikipedia.org/wiki/%D0%91%D0%BB%D0%B0%D0%B3%D0%BE%D1%82%D0%B2%D0%BE%D1%80%D0%B8%D1%82%D0%B5%D0%BB%D1%8C%D0%BD%D0%BE%D1%81%D1%82%D1%8C	4720500169101664	2024-11-19 19:49:15+05	2025-09-18 16:03:34+05	206
207	Забота в искусстве	Четыре демократия добиться свежий полностью. Полюбить скользить сходить.	8 (584) 831-85-99	https://ru.wikipedia.org/wiki/%D0%91%D0%BB%D0%B0%D0%B3%D0%BE%D1%82%D0%B2%D0%BE%D1%80%D0%B8%D1%82%D0%B5%D0%BB%D1%8C%D0%BD%D0%BE%D1%81%D1%82%D1%8C	6201389737423476	2023-09-30 03:04:18+05	2025-12-23 02:28:02+05	207
208	Забота для нуждающихся	Написать левый военный близко порода жить зарплата. Слать понятный хлеб упорно механический дьявол. Славный скрытый изображать руководитель. Похороны упорно правильный умирать дремать.	89273204426	https://ru.wikipedia.org/wiki/%D0%91%D0%BB%D0%B0%D0%B3%D0%BE%D1%82%D0%B2%D0%BE%D1%80%D0%B8%D1%82%D0%B5%D0%BB%D1%8C%D0%BD%D0%BE%D1%81%D1%82%D1%8C	4431862652953963	2024-02-09 16:40:53+05	2026-04-26 05:59:29+05	208
209	Надежда в искусстве	Граница прежний дорогой цепочка. Спалить затянуться палец вздрогнуть плавно. Шлем куча табак парень оборот.	+77140907639	https://ru.wikipedia.org/wiki/%D0%91%D0%BB%D0%B0%D0%B3%D0%BE%D1%82%D0%B2%D0%BE%D1%80%D0%B8%D1%82%D0%B5%D0%BB%D1%8C%D0%BD%D0%BE%D1%81%D1%82%D1%8C	372124130206384	2024-03-14 13:46:48+05	2026-02-08 23:39:18+05	209
210	Образование в спорте	Появление следовательно голубчик сбросить песенка. Команда висеть пропасть порода костер академик. Столетие пространство возникновение чем функция привлекать мелькнуть сустав.	8 149 341 38 95	https://ru.wikipedia.org/wiki/%D0%91%D0%BB%D0%B0%D0%B3%D0%BE%D1%82%D0%B2%D0%BE%D1%80%D0%B8%D1%82%D0%B5%D0%BB%D1%8C%D0%BD%D0%BE%D1%81%D1%82%D1%8C	6470772644244651	2024-06-23 21:55:53+05	2026-03-08 05:24:47+05	210
211	Содействие в науке	Пропаганда покидать пятеро. Коричневый намерение жидкий один запретить.	8 329 674 0237	https://ru.wikipedia.org/wiki/%D0%91%D0%BB%D0%B0%D0%B3%D0%BE%D1%82%D0%B2%D0%BE%D1%80%D0%B8%D1%82%D0%B5%D0%BB%D1%8C%D0%BD%D0%BE%D1%81%D1%82%D1%8C	8189844752443397	2023-09-07 04:40:43+05	2026-01-26 17:00:49+05	211
212	Развитие в науке	Господь дыхание затянуться валюта место вытаскивать. Головка один вздрагивать запеть наслаждение второй смелый советовать.	+7 (545) 799-09-82	https://ru.wikipedia.org/wiki/%D0%91%D0%BB%D0%B0%D0%B3%D0%BE%D1%82%D0%B2%D0%BE%D1%80%D0%B8%D1%82%D0%B5%D0%BB%D1%8C%D0%BD%D0%BE%D1%81%D1%82%D1%8C	4556897836369826	2025-05-04 09:47:10+05	2025-11-05 14:20:58+05	52
213	Надежда в спорте	Увеличиваться стакан сустав покинуть вариант привлекать да. Угроза наступать нажать счастье вчера другой спасть.	+7 807 634 05 50	https://ru.wikipedia.org/wiki/%D0%91%D0%BB%D0%B0%D0%B3%D0%BE%D1%82%D0%B2%D0%BE%D1%80%D0%B8%D1%82%D0%B5%D0%BB%D1%8C%D0%BD%D0%BE%D1%81%D1%82%D1%8C	2393596051486809	2023-08-06 02:18:12+05	2025-12-10 03:23:49+05	212
214	Забота в экологии	Висеть вскинуть дальний протягивать помимо руководитель. Слишком четыре низкий низкий.	+7 593 351 1281	https://ru.wikipedia.org/wiki/%D0%91%D0%BB%D0%B0%D0%B3%D0%BE%D1%82%D0%B2%D0%BE%D1%80%D0%B8%D1%82%D0%B5%D0%BB%D1%8C%D0%BD%D0%BE%D1%81%D1%82%D1%8C	5184906122279487	2024-04-05 08:00:18+05	2026-05-11 00:26:07+05	213
215	Помощь для детей	Чувство сверкающий пропаганда вообще цель товар гулять. Монета господь командир пятеро вытаскивать бабочка. Госпожа настать падаль горький при левый дошлый штаб.	8 729 978 8574	https://ru.wikipedia.org/wiki/%D0%91%D0%BB%D0%B0%D0%B3%D0%BE%D1%82%D0%B2%D0%BE%D1%80%D0%B8%D1%82%D0%B5%D0%BB%D1%8C%D0%BD%D0%BE%D1%81%D1%82%D1%8C	4257975193459067	2025-02-16 05:04:18+05	2026-03-23 16:54:20+05	214
216	Содействие в культуре	Пол цепочка труп необычный. Помолчать художественный да. Художественный мелочь выраженный освобождение.	8 544 755 09 68	https://ru.wikipedia.org/wiki/%D0%91%D0%BB%D0%B0%D0%B3%D0%BE%D1%82%D0%B2%D0%BE%D1%80%D0%B8%D1%82%D0%B5%D0%BB%D1%8C%D0%BD%D0%BE%D1%81%D1%82%D1%8C	6285434137374520	2024-11-19 11:16:40+05	2026-04-08 23:43:09+05	215
217	Содействие в спорте	Светило неправда единый уничтожение. Приличный белье пропасть торопливый перебивать.\nПрежний миф рота невозможно полоска. Понятный вообще левый. Прелесть жестокий единый витрина.	+7 (768) 213-4191	https://ru.wikipedia.org/wiki/%D0%91%D0%BB%D0%B0%D0%B3%D0%BE%D1%82%D0%B2%D0%BE%D1%80%D0%B8%D1%82%D0%B5%D0%BB%D1%8C%D0%BD%D0%BE%D1%81%D1%82%D1%8C	2202516395568022	2024-08-25 00:56:48+05	2026-03-27 17:35:59+05	216
218	Развитие для нуждающихся	Ученый актриса материя посвятить коллектив нервно достоинство. Беспомощный стакан бетонный равнодушный равнодушный ленинград князь коммунизм.	8 592 027 1974	https://ru.wikipedia.org/wiki/%D0%91%D0%BB%D0%B0%D0%B3%D0%BE%D1%82%D0%B2%D0%BE%D1%80%D0%B8%D1%82%D0%B5%D0%BB%D1%8C%D0%BD%D0%BE%D1%81%D1%82%D1%8C	2203736339363798	2024-08-04 03:23:09+05	2026-02-24 12:05:49+05	217
219	Надежда в науке	Плавно головной тесно услать свежий господь фонарик. Металл похороны около болото выраженный висеть. Некоторый промолчать коллектив.	+7 617 458 8130	https://ru.wikipedia.org/wiki/%D0%91%D0%BB%D0%B0%D0%B3%D0%BE%D1%82%D0%B2%D0%BE%D1%80%D0%B8%D1%82%D0%B5%D0%BB%D1%8C%D0%BD%D0%BE%D1%81%D1%82%D1%8C	6289869078919302	2023-10-14 06:23:21+05	2026-05-25 06:53:45+05	218
220	Развитие в медицине	Палка зачем художественный аж. Доставать означать неправда дрогнуть палец провинция. Магазин ставить разнообразный дальний ремень плавно поговорить.	8 841 019 0377	https://ru.wikipedia.org/wiki/%D0%91%D0%BB%D0%B0%D0%B3%D0%BE%D1%82%D0%B2%D0%BE%D1%80%D0%B8%D1%82%D0%B5%D0%BB%D1%8C%D0%BD%D0%BE%D1%81%D1%82%D1%8C	8114683477504616	2025-04-06 12:16:20+05	2026-03-09 18:43:04+05	219
221	Любовь для животных	Падаль сомнительный близко спалить. Носок увеличиваться деловой левый отражение умолять. Иной число зачем тысяча табак столетие палец.	+7 (145) 966-0846	https://ru.wikipedia.org/wiki/%D0%91%D0%BB%D0%B0%D0%B3%D0%BE%D1%82%D0%B2%D0%BE%D1%80%D0%B8%D1%82%D0%B5%D0%BB%D1%8C%D0%BD%D0%BE%D1%81%D1%82%D1%8C	2203868815271474	2024-11-26 00:00:50+05	2025-12-18 04:43:23+05	220
222	Забота в спорте	Свежий наслаждение блин медицина.	+74282753041	https://ru.wikipedia.org/wiki/%D0%91%D0%BB%D0%B0%D0%B3%D0%BE%D1%82%D0%B2%D0%BE%D1%80%D0%B8%D1%82%D0%B5%D0%BB%D1%8C%D0%BD%D0%BE%D1%81%D1%82%D1%8C	378391435535007	2024-06-13 07:07:39+05	2026-02-20 00:04:58+05	221
223	Добро в спорте	Провал заложить посидеть увеличиваться порода вперед деловой. Песенка печатать идея поколение. Очутиться голубчик волк помолчать теория естественный танцевать.	85936887757	https://ru.wikipedia.org/wiki/%D0%91%D0%BB%D0%B0%D0%B3%D0%BE%D1%82%D0%B2%D0%BE%D1%80%D0%B8%D1%82%D0%B5%D0%BB%D1%8C%D0%BD%D0%BE%D1%81%D1%82%D1%8C	2237857586662532	2025-01-26 06:57:22+05	2026-02-12 22:38:38+05	222
224	Любовь в медицине	Издали кпсс эпоха. Правление жить при зарплата художественный приличный выразить. Появление собеседник пища теория самостоятельно.	+79524001597	https://ru.wikipedia.org/wiki/%D0%91%D0%BB%D0%B0%D0%B3%D0%BE%D1%82%D0%B2%D0%BE%D1%80%D0%B8%D1%82%D0%B5%D0%BB%D1%8C%D0%BD%D0%BE%D1%81%D1%82%D1%8C	4135501754389317	2024-06-26 16:20:19+05	2025-09-20 07:41:16+05	223
225	Любовь в науке	Покидать еврейский военный бригада сверкающий прежде. Манера освобождение иной. Полевой подземный домашний плод счастье зима миг. Июнь самостоятельно вздрогнуть домашний процесс.	86964660987	https://ru.wikipedia.org/wiki/%D0%91%D0%BB%D0%B0%D0%B3%D0%BE%D1%82%D0%B2%D0%BE%D1%80%D0%B8%D1%82%D0%B5%D0%BB%D1%8C%D0%BD%D0%BE%D1%81%D1%82%D1%8C	5320846453555912	2025-02-07 01:53:23+05	2025-06-24 11:19:26+05	224
226	Образование для нуждающихся	Зеленый сутки соответствие райком пятеро. Спичка остановить выкинуть пересечь очко следовательно горький. Казнь поезд миг неожиданный упор слишком чем.	+79227221310	https://ru.wikipedia.org/wiki/%D0%91%D0%BB%D0%B0%D0%B3%D0%BE%D1%82%D0%B2%D0%BE%D1%80%D0%B8%D1%82%D0%B5%D0%BB%D1%8C%D0%BD%D0%BE%D1%81%D1%82%D1%8C	4491298263392472	2025-05-24 04:59:23+05	2026-01-24 03:36:02+05	225
227	Содействие для детей	Дальний человечек другой промолчать. Анализ четко выбирать четыре бок. Вчера мусор через неправда солнце.	+7 (042) 340-35-42	https://ru.wikipedia.org/wiki/%D0%91%D0%BB%D0%B0%D0%B3%D0%BE%D1%82%D0%B2%D0%BE%D1%80%D0%B8%D1%82%D0%B5%D0%BB%D1%8C%D0%BD%D0%BE%D1%81%D1%82%D1%8C	5905984117253153	2024-07-23 04:09:05+05	2025-10-13 00:21:57+05	226
228	Содействие для детей	Посвятить добиться поздравлять. Возможно лететь опасность мимо появление анализ важный.\nВыразить степь зеленый непривычный. Сынок другой степь пропадать. Построить еврейский ботинок четыре.	+7 359 038 2184	https://ru.wikipedia.org/wiki/%D0%91%D0%BB%D0%B0%D0%B3%D0%BE%D1%82%D0%B2%D0%BE%D1%80%D0%B8%D1%82%D0%B5%D0%BB%D1%8C%D0%BD%D0%BE%D1%81%D1%82%D1%8C	5483548141057813	2024-07-28 07:56:59+05	2026-03-19 16:06:41+05	227
229	Помощь для нуждающихся	Магазин дошлый житель рис. Полевой падать желание вытаскивать четыре.	+77193859281	https://ru.wikipedia.org/wiki/%D0%91%D0%BB%D0%B0%D0%B3%D0%BE%D1%82%D0%B2%D0%BE%D1%80%D0%B8%D1%82%D0%B5%D0%BB%D1%8C%D0%BD%D0%BE%D1%81%D1%82%D1%8C	4883600369580064	2025-03-27 07:35:45+05	2025-09-18 12:17:06+05	228
230	Поддержка для детей	Сынок пространство идея горький решетка. Через табак избегать пропасть плод растеряться сынок. Услать решение еврейский заплакать собеседник способ.	+7 004 155 1412	https://ru.wikipedia.org/wiki/%D0%91%D0%BB%D0%B0%D0%B3%D0%BE%D1%82%D0%B2%D0%BE%D1%80%D0%B8%D1%82%D0%B5%D0%BB%D1%8C%D0%BD%D0%BE%D1%81%D1%82%D1%8C	8175337020561310	2023-07-21 21:46:49+05	2025-12-13 16:18:35+05	229
231	Развитие для нуждающихся	Понятный вывести термин освободить собеседник степь. Помимо процесс вздрогнуть серьезный инфекция. Тяжелый заведение райком деловой.	+7 (973) 772-2113	https://ru.wikipedia.org/wiki/%D0%91%D0%BB%D0%B0%D0%B3%D0%BE%D1%82%D0%B2%D0%BE%D1%80%D0%B8%D1%82%D0%B5%D0%BB%D1%8C%D0%BD%D0%BE%D1%81%D1%82%D1%8C	4409337015495687	2025-06-07 09:18:00+05	2026-05-06 06:18:20+05	230
232	Содействие для детей	Девка житель мелочь. Провал житель господь витрина. Ребятишки триста возникновение порядок совещание руководитель ярко.	+7 481 861 3823	https://ru.wikipedia.org/wiki/%D0%91%D0%BB%D0%B0%D0%B3%D0%BE%D1%82%D0%B2%D0%BE%D1%80%D0%B8%D1%82%D0%B5%D0%BB%D1%8C%D0%BD%D0%BE%D1%81%D1%82%D1%8C	2201752122169492	2024-06-20 05:33:32+05	2025-07-19 04:56:33+05	231
233	Содействие в культуре	Конструкция мгновение прежде карман один прелесть. Приходить дорогой умирать бак налоговый потом более выразить. Мягкий выгнать человечек заплакать.	8 643 867 24 37	https://ru.wikipedia.org/wiki/%D0%91%D0%BB%D0%B0%D0%B3%D0%BE%D1%82%D0%B2%D0%BE%D1%80%D0%B8%D1%82%D0%B5%D0%BB%D1%8C%D0%BD%D0%BE%D1%81%D1%82%D1%8C	4750909208493862	2023-07-07 07:11:00+05	2025-08-25 20:17:48+05	232
234	Добро в культуре	Темнеть неправда пища естественный конференция налоговый постоянный. Порт промолчать свежий палата присесть социалистический возможно. Пол развитый космос князь посидеть.	+7 (184) 672-15-58	https://ru.wikipedia.org/wiki/%D0%91%D0%BB%D0%B0%D0%B3%D0%BE%D1%82%D0%B2%D0%BE%D1%80%D0%B8%D1%82%D0%B5%D0%BB%D1%8C%D0%BD%D0%BE%D1%81%D1%82%D1%8C	5087708176374620	2024-11-16 15:22:19+05	2026-06-01 21:02:21+05	233
235	Забота в медицине	Затянуться выбирать способ решение похороны. Место хотеть возникновение приличный спалить перебивать расстройство. Дорогой степь мера рассуждение сынок командование изба очутиться.	8 782 571 1393	https://ru.wikipedia.org/wiki/%D0%91%D0%BB%D0%B0%D0%B3%D0%BE%D1%82%D0%B2%D0%BE%D1%80%D0%B8%D1%82%D0%B5%D0%BB%D1%8C%D0%BD%D0%BE%D1%81%D1%82%D1%8C	6794116251592300	2024-07-12 12:19:03+05	2025-08-24 18:19:50+05	234
236	Забота в искусстве	Тяжелый чувство тюрьма рис спичка приятель спичка. Способ проход призыв валюта славный коричневый роскошный. Что единый выбирать смертельный задрать намерение второй совещание.	8 (909) 841-6886	https://ru.wikipedia.org/wiki/%D0%91%D0%BB%D0%B0%D0%B3%D0%BE%D1%82%D0%B2%D0%BE%D1%80%D0%B8%D1%82%D0%B5%D0%BB%D1%8C%D0%BD%D0%BE%D1%81%D1%82%D1%8C	2713221086233836	2024-02-10 23:03:15+05	2026-04-24 00:59:23+05	235
237	Поддержка в культуре	Издали избегать спорт бригада командование бочок аллея что. Команда мучительно мусор бровь бровь выбирать. Мальчишка вообще ремень обида кожа вывести инструкция блин.	+7 690 266 78 54	https://ru.wikipedia.org/wiki/%D0%91%D0%BB%D0%B0%D0%B3%D0%BE%D1%82%D0%B2%D0%BE%D1%80%D0%B8%D1%82%D0%B5%D0%BB%D1%8C%D0%BD%D0%BE%D1%81%D1%82%D1%8C	2200507921539712	2025-01-13 20:42:33+05	2026-05-05 04:54:28+05	236
238	Забота в медицине	Порядок табак дремать выраженный белье процесс. Другой команда ягода юный ответить изменение.\nУгроза вздрогнуть изображать о четыре тяжелый. Эпоха помолчать применяться блин.	+7 206 719 7882	https://ru.wikipedia.org/wiki/%D0%91%D0%BB%D0%B0%D0%B3%D0%BE%D1%82%D0%B2%D0%BE%D1%80%D0%B8%D1%82%D0%B5%D0%BB%D1%8C%D0%BD%D0%BE%D1%81%D1%82%D1%8C	379877099564373	2024-09-05 04:35:26+05	2025-07-23 08:03:40+05	237
239	Развитие для животных	Деньги жестокий приятель. Смеяться костер медицина дурацкий основание торговля запретить доставать. Дремать витрина интернет поезд парень.	8 859 493 1131	https://ru.wikipedia.org/wiki/%D0%91%D0%BB%D0%B0%D0%B3%D0%BE%D1%82%D0%B2%D0%BE%D1%80%D0%B8%D1%82%D0%B5%D0%BB%D1%8C%D0%BD%D0%BE%D1%81%D1%82%D1%8C	2201484660635920	2024-06-25 09:33:23+05	2026-03-20 03:46:28+05	238
240	Любовь в науке	Жестокий господь доставать наступать господь неудобно бок. Покидать расстройство остановить сутки аж трубка совет.	+7 (791) 852-5176	https://ru.wikipedia.org/wiki/%D0%91%D0%BB%D0%B0%D0%B3%D0%BE%D1%82%D0%B2%D0%BE%D1%80%D0%B8%D1%82%D0%B5%D0%BB%D1%8C%D0%BD%D0%BE%D1%81%D1%82%D1%8C	6381518468709073	2024-01-21 01:51:27+05	2026-01-10 16:32:05+05	239
241	Содействие в спорте	Монета смеяться спалить добиться угодный способ применяться конструкция. Висеть инфекция спалить заведение выдержать.	+74929398300	https://ru.wikipedia.org/wiki/%D0%91%D0%BB%D0%B0%D0%B3%D0%BE%D1%82%D0%B2%D0%BE%D1%80%D0%B8%D1%82%D0%B5%D0%BB%D1%8C%D0%BD%D0%BE%D1%81%D1%82%D1%8C	6260031575832933	2024-05-25 20:10:35+05	2026-01-12 13:22:21+05	240
242	Забота в медицине	Зеленый реклама девка. Второй упор указанный правый о. Построить конференция войти хлеб точно выбирать.\nСпалить какой механический волк ребятишки ботинок. Скользить природа запустить.	8 243 629 6226	https://ru.wikipedia.org/wiki/%D0%91%D0%BB%D0%B0%D0%B3%D0%BE%D1%82%D0%B2%D0%BE%D1%80%D0%B8%D1%82%D0%B5%D0%BB%D1%8C%D0%BD%D0%BE%D1%81%D1%82%D1%8C	377366641739834	2024-02-20 20:17:51+05	2025-10-21 07:54:17+05	241
243	Помощь для животных	Спешить прелесть посидеть команда заведение. Палата гулять дыхание. Бетонный число очко тута функция соответствие ныне.\nЗачем горький покинуть место. Ярко видимо выбирать салон равнодушный выбирать.	8 (468) 347-9432	https://ru.wikipedia.org/wiki/%D0%91%D0%BB%D0%B0%D0%B3%D0%BE%D1%82%D0%B2%D0%BE%D1%80%D0%B8%D1%82%D0%B5%D0%BB%D1%8C%D0%BD%D0%BE%D1%81%D1%82%D1%8C	2629618362736882	2024-04-13 20:53:09+05	2026-04-30 12:57:51+05	242
244	Надежда для детей	Мотоцикл перебивать правление манера. Оборот пропасть очередной прощение деньги.	+7 (309) 477-43-22	https://ru.wikipedia.org/wiki/%D0%91%D0%BB%D0%B0%D0%B3%D0%BE%D1%82%D0%B2%D0%BE%D1%80%D0%B8%D1%82%D0%B5%D0%BB%D1%8C%D0%BD%D0%BE%D1%81%D1%82%D1%8C	6421106599494617	2024-10-07 21:51:24+05	2026-04-04 06:42:26+05	243
245	Забота в экологии	Ставить товар кпсс ученый умолять темнеть мусор. Фонарик табак лапа полностью.	8 627 044 7588	https://ru.wikipedia.org/wiki/%D0%91%D0%BB%D0%B0%D0%B3%D0%BE%D1%82%D0%B2%D0%BE%D1%80%D0%B8%D1%82%D0%B5%D0%BB%D1%8C%D0%BD%D0%BE%D1%81%D1%82%D1%8C	5720809789759059	2024-10-08 10:06:23+05	2026-05-06 12:17:59+05	244
246	Образование в спорте	Пространство жить гулять неправда. Кидать головной мальчишка ягода более второй налево появление. Направо очутиться развитый трубка вперед прощение фонарик беспомощный.	8 (408) 754-9845	https://ru.wikipedia.org/wiki/%D0%91%D0%BB%D0%B0%D0%B3%D0%BE%D1%82%D0%B2%D0%BE%D1%80%D0%B8%D1%82%D0%B5%D0%BB%D1%8C%D0%BD%D0%BE%D1%81%D1%82%D1%8C	8124095083471122	2024-12-31 22:03:00+05	2025-10-11 21:32:02+05	245
247	Содействие для животных	Выгнать серьезный рота народ привлекать совещание пересечь бочок. Решетка передо степь передо применяться багровый.	+7 307 647 90 58	https://ru.wikipedia.org/wiki/%D0%91%D0%BB%D0%B0%D0%B3%D0%BE%D1%82%D0%B2%D0%BE%D1%80%D0%B8%D1%82%D0%B5%D0%BB%D1%8C%D0%BD%D0%BE%D1%81%D1%82%D1%8C	2202702684652350	2024-09-27 19:06:23+05	2026-05-12 04:40:04+05	246
248	Любовь для нуждающихся	Изредка жидкий увеличиваться. Деловой военный понятный шлем торопливый покинуть господь висеть. Заложить выкинуть адвокат прошептать.	+7 (378) 497-7956	https://ru.wikipedia.org/wiki/%D0%91%D0%BB%D0%B0%D0%B3%D0%BE%D1%82%D0%B2%D0%BE%D1%80%D0%B8%D1%82%D0%B5%D0%BB%D1%8C%D0%BD%D0%BE%D1%81%D1%82%D1%8C	4394579196908106	2025-02-25 04:39:36+05	2025-10-09 11:25:46+05	247
249	Помощь в искусстве	Хотеть тюрьма висеть функция плавно ботинок самостоятельно. Багровый оставить ставить господь.\nСоветовать стакан угол поздравлять парень. Аж вытаскивать вывести непривычный багровый.	+7 (319) 728-33-55	https://ru.wikipedia.org/wiki/%D0%91%D0%BB%D0%B0%D0%B3%D0%BE%D1%82%D0%B2%D0%BE%D1%80%D0%B8%D1%82%D0%B5%D0%BB%D1%8C%D0%BD%D0%BE%D1%81%D1%82%D1%8C	5514612364665356	2024-06-08 12:28:33+05	2026-02-14 16:42:54+05	248
\.


--
-- Data for Name: ProjectCategories; Type: TABLE DATA; Schema: public; Owner: postgres
--

COPY public."ProjectCategories" ("CategoryId", "Name") FROM stdin;
1	изредка
2	монета
3	процесс
4	сустав
5	карандаш
6	сравнение
7	правление
8	висеть
9	намерение
10	оставить
11	валюта
12	металл
13	степь
14	печатать
15	командующий
16	вздрагивать
17	заложить
18	необычный
19	вариант
20	скрытый
21	холодно
22	казнь
23	ныне
24	приятель
25	рассуждение
26	задержать
27	карман
28	поезд
29	уронить
30	школьный
31	четыре
32	пасть
33	белье
34	песня
35	пламя
36	отъезд
37	голубчик
38	еврейский
39	второй
40	слишком
41	болото
42	конференция
43	космос
44	аж
45	ягода
46	крутой
47	чувство
48	житель
49	вчера
50	запретить
51	материя
52	сбросить
53	банда
54	интеллектуальный
55	зеленый
56	угроза
57	чем
58	выдержать
59	покидать
60	освободить
61	солнце
62	скользить
63	терапия
64	дальний
65	хотеть
66	руководитель
67	витрина
68	армейский
69	функция
70	социалистический
71	потянуться
72	важный
73	разуметься
74	ботинок
75	июнь
76	проход
77	парень
78	радость
79	полевой
80	отражение
81	пространство
82	спалить
83	господь
84	лететь
85	инвалид
86	изображать
87	горький
88	следовательно
89	бетонный
90	направо
91	иной
92	желание
93	посвятить
94	командование
95	коробка
96	миллиард
97	тревога
98	ломать
99	цвет
100	ответить
101	эффект
102	виднеться
103	грустный
104	пастух
105	выражаться
106	мягкий
107	привлекать
108	поймать
109	поговорить
110	естественный
111	применяться
112	смелый
113	столетие
114	триста
115	нажать
116	каюта
117	пища
118	одиннадцать
119	деньги
120	находить
121	правый
122	конструкция
123	пропаганда
124	палата
125	манера
126	прежний
127	редактор
128	развернуться
129	вывести
130	зима
131	адвокат
132	дорогой
133	очко
134	мелочь
135	пропадать
136	секунда
137	премьера
138	бегать
139	низкий
140	жидкий
141	табак
142	изба
143	рис
144	славный
145	затянуться
146	неожиданно
147	поздравлять
148	дурацкий
149	тусклый
150	полоска
151	юный
152	идея
153	налоговый
154	граница
155	порт
156	вытаскивать
157	смеяться
158	умолять
159	неправда
160	снимать
161	жестокий
162	мотоцикл
163	изменение
164	нервно
165	плавно
166	изучить
167	заработать
168	совещание
169	страсть
170	промолчать
171	фонарик
172	указанный
173	пробовать
174	присесть
175	способ
176	сверкающий
177	миф
178	труп
179	поставить
180	набор
181	командир
182	подробность
183	о
184	художественный
185	штаб
186	провал
187	передо
188	а
189	расстегнуть
190	возбуждение
191	близко
192	коричневый
193	инфекция
194	мера
195	разнообразный
196	перебивать
197	вообще
198	строительство
199	роскошный
200	заплакать
201	сынок
202	настать
203	выкинуть
204	выражение
205	основание
206	да
207	появление
208	видимо
209	песенка
210	вздрогнуть
211	похороны
212	факультет
213	потом
214	головной
215	выгнать
216	назначить
217	экзамен
218	выраженный
219	встать
220	единый
221	дьявол
222	выразить
223	мучительно
224	ярко
225	сверкать
226	развитый
227	соответствие
228	место
229	бровь
230	порядок
231	нож
232	госпожа
233	багровый
234	миг
235	инструкция
236	оборот
237	некоторый
238	дремать
239	исследование
240	ночь
241	результат
242	мгновение
243	войти
244	райком
245	кидать
246	кпсс
247	решение
248	освобождение
249	плод
250	советовать
251	коммунизм
252	прощение
253	доставать
254	точно
255	успокоиться
256	народ
257	упор
258	ложиться
259	опасность
260	неудобно
261	протягивать
262	даль
263	очутиться
264	уточнить
265	полюбить
266	медицина
267	мрачно
268	рай
269	сопровождаться
270	торговля
271	провинция
272	около
273	костер
274	природа
275	вскакивать
276	призыв
277	грудь
278	жить
279	более
280	счастье
281	исполнять
282	трясти
283	правильный
284	аллея
285	ставить
286	рот
287	палка
288	заявление
289	прошептать
290	забирать
291	ребятишки
292	эпоха
293	рабочий
294	рота
295	порог
296	спичка
297	слать
298	темнеть
299	легко
300	дрогнуть
301	сутки
302	человечек
303	бригада
304	увеличиваться
305	цель
306	число
\.


--
-- Data for Name: ProjectComments; Type: TABLE DATA; Schema: public; Owner: postgres
--

COPY public."ProjectComments" ("CommentId", "CommentText", "CommentDate", "ProjectId") FROM stdin;
\.


--
-- Data for Name: ProjectPhotos; Type: TABLE DATA; Schema: public; Owner: postgres
--

COPY public."ProjectPhotos" ("PhotoId", "ProjectId", "PhotoBytes", "Description") FROM stdin;
1	1	https://placekitten.com/486/614	Photo
2	2	https://dummyimage.com/411x762	Photo
3	3	https://placekitten.com/553/992	Photo
4	4	https://picsum.photos/226/151	Photo
5	5	https://picsum.photos/692/43	Photo
6	6	https://dummyimage.com/807x781	Photo
7	7	https://dummyimage.com/196x916	Photo
8	8	https://picsum.photos/50/341	Photo
9	9	https://placekitten.com/786/788	Photo
10	10	https://placekitten.com/602/1005	Photo
11	11	https://picsum.photos/463/249	Photo
12	12	https://picsum.photos/81/634	Photo
13	13	https://dummyimage.com/595x47	Photo
14	14	https://placekitten.com/1023/614	Photo
15	15	https://picsum.photos/541/13	Photo
16	16	https://picsum.photos/18/958	Photo
17	17	https://picsum.photos/675/546	Photo
18	18	https://picsum.photos/963/61	Photo
19	19	https://placekitten.com/786/478	Photo
20	20	https://picsum.photos/788/214	Photo
21	21	https://dummyimage.com/983x896	Photo
22	22	https://placekitten.com/106/224	Photo
23	23	https://picsum.photos/751/1009	Photo
24	24	https://placekitten.com/367/784	Photo
25	25	https://picsum.photos/154/316	Photo
26	26	https://placekitten.com/857/973	Photo
27	27	https://placekitten.com/310/147	Photo
28	28	https://placekitten.com/1003/663	Photo
29	29	https://dummyimage.com/392x455	Photo
30	30	https://picsum.photos/409/290	Photo
31	31	https://dummyimage.com/311x709	Photo
32	32	https://picsum.photos/67/793	Photo
33	33	https://dummyimage.com/709x683	Photo
34	34	https://dummyimage.com/946x36	Photo
35	35	https://placekitten.com/548/960	Photo
36	36	https://placekitten.com/321/776	Photo
37	37	https://picsum.photos/34/625	Photo
38	38	https://picsum.photos/538/483	Photo
39	39	https://dummyimage.com/999x887	Photo
40	40	https://picsum.photos/644/893	Photo
41	41	https://placekitten.com/702/653	Photo
42	42	https://picsum.photos/693/144	Photo
43	43	https://picsum.photos/290/455	Photo
44	44	https://dummyimage.com/19x62	Photo
45	45	https://placekitten.com/426/207	Photo
46	46	https://placekitten.com/664/945	Photo
47	47	https://dummyimage.com/503x764	Photo
48	48	https://dummyimage.com/483x977	Photo
49	49	https://placekitten.com/711/967	Photo
50	50	https://dummyimage.com/493x939	Photo
51	51	https://placekitten.com/882/389	Photo
52	52	https://dummyimage.com/462x216	Photo
53	53	https://picsum.photos/195/792	Photo
54	54	https://placekitten.com/432/995	Photo
55	55	https://picsum.photos/858/38	Photo
56	56	https://dummyimage.com/143x57	Photo
57	57	https://placekitten.com/947/445	Photo
58	58	https://picsum.photos/830/388	Photo
59	59	https://placekitten.com/953/489	Photo
60	60	https://placekitten.com/245/429	Photo
61	61	https://picsum.photos/903/668	Photo
62	62	https://placekitten.com/124/442	Photo
63	63	https://dummyimage.com/530x2	Photo
64	64	https://placekitten.com/544/136	Photo
65	65	https://dummyimage.com/304x151	Photo
66	66	https://picsum.photos/50/27	Photo
67	67	https://dummyimage.com/793x971	Photo
68	68	https://picsum.photos/1019/710	Photo
69	69	https://picsum.photos/443/482	Photo
70	70	https://picsum.photos/601/236	Photo
71	71	https://placekitten.com/560/949	Photo
72	72	https://placekitten.com/621/900	Photo
73	73	https://placekitten.com/472/88	Photo
74	74	https://dummyimage.com/280x957	Photo
75	75	https://dummyimage.com/122x530	Photo
76	76	https://picsum.photos/364/697	Photo
77	77	https://picsum.photos/259/896	Photo
78	78	https://dummyimage.com/264x21	Photo
79	79	https://picsum.photos/773/399	Photo
80	80	https://picsum.photos/689/890	Photo
81	81	https://placekitten.com/833/773	Photo
82	82	https://placekitten.com/521/306	Photo
83	83	https://dummyimage.com/933x920	Photo
84	84	https://placekitten.com/725/564	Photo
85	85	https://placekitten.com/369/968	Photo
86	86	https://placekitten.com/847/481	Photo
87	87	https://picsum.photos/53/927	Photo
88	88	https://picsum.photos/692/929	Photo
89	89	https://picsum.photos/527/548	Photo
90	90	https://dummyimage.com/618x900	Photo
91	91	https://placekitten.com/969/996	Photo
92	92	https://dummyimage.com/141x220	Photo
93	93	https://picsum.photos/993/187	Photo
94	94	https://picsum.photos/606/978	Photo
95	95	https://picsum.photos/255/626	Photo
96	96	https://dummyimage.com/605x208	Photo
97	97	https://placekitten.com/281/422	Photo
98	98	https://picsum.photos/323/932	Photo
99	99	https://placekitten.com/353/749	Photo
100	100	https://picsum.photos/698/570	Photo
101	101	https://picsum.photos/722/203	Photo
102	102	https://dummyimage.com/52x222	Photo
103	103	https://picsum.photos/157/691	Photo
104	104	https://placekitten.com/384/288	Photo
105	105	https://placekitten.com/967/676	Photo
106	106	https://placekitten.com/512/695	Photo
107	107	https://placekitten.com/520/782	Photo
108	108	https://dummyimage.com/863x396	Photo
109	109	https://picsum.photos/273/612	Photo
110	110	https://placekitten.com/241/643	Photo
111	111	https://dummyimage.com/700x448	Photo
112	112	https://picsum.photos/490/906	Photo
113	113	https://dummyimage.com/955x219	Photo
114	114	https://placekitten.com/807/665	Photo
115	115	https://placekitten.com/570/868	Photo
116	116	https://placekitten.com/498/981	Photo
117	117	https://dummyimage.com/370x751	Photo
118	118	https://picsum.photos/104/404	Photo
119	119	https://picsum.photos/844/67	Photo
120	120	https://picsum.photos/494/402	Photo
121	121	https://placekitten.com/615/993	Photo
122	122	https://placekitten.com/228/495	Photo
123	123	https://dummyimage.com/886x45	Photo
124	124	https://placekitten.com/430/303	Photo
125	125	https://picsum.photos/271/115	Photo
126	126	https://placekitten.com/533/91	Photo
127	127	https://dummyimage.com/507x904	Photo
128	128	https://dummyimage.com/36x859	Photo
129	129	https://picsum.photos/839/67	Photo
130	130	https://placekitten.com/221/247	Photo
131	131	https://picsum.photos/134/239	Photo
132	132	https://dummyimage.com/97x443	Photo
133	133	https://dummyimage.com/17x149	Photo
134	134	https://placekitten.com/791/668	Photo
135	135	https://placekitten.com/982/562	Photo
136	136	https://picsum.photos/736/952	Photo
137	137	https://picsum.photos/702/357	Photo
138	138	https://picsum.photos/17/535	Photo
139	139	https://dummyimage.com/339x185	Photo
140	140	https://dummyimage.com/766x483	Photo
141	141	https://dummyimage.com/199x841	Photo
142	142	https://placekitten.com/573/762	Photo
143	143	https://placekitten.com/685/971	Photo
144	144	https://dummyimage.com/835x514	Photo
145	145	https://placekitten.com/19/151	Photo
146	146	https://dummyimage.com/374x311	Photo
147	147	https://dummyimage.com/760x39	Photo
148	148	https://dummyimage.com/834x406	Photo
149	149	https://placekitten.com/988/261	Photo
150	150	https://picsum.photos/868/746	Photo
151	151	https://picsum.photos/355/274	Photo
152	152	https://picsum.photos/110/686	Photo
153	153	https://picsum.photos/348/204	Photo
154	154	https://picsum.photos/841/199	Photo
155	155	https://dummyimage.com/535x564	Photo
156	156	https://picsum.photos/6/811	Photo
157	157	https://picsum.photos/407/196	Photo
158	158	https://dummyimage.com/477x466	Photo
159	159	https://dummyimage.com/331x191	Photo
160	160	https://placekitten.com/877/188	Photo
161	161	https://dummyimage.com/44x266	Photo
162	162	https://dummyimage.com/619x484	Photo
163	163	https://dummyimage.com/409x656	Photo
164	164	https://picsum.photos/256/645	Photo
165	165	https://picsum.photos/624/779	Photo
166	166	https://dummyimage.com/305x224	Photo
167	167	https://dummyimage.com/417x905	Photo
168	168	https://dummyimage.com/906x162	Photo
169	169	https://placekitten.com/81/580	Photo
170	170	https://placekitten.com/153/910	Photo
171	171	https://picsum.photos/921/669	Photo
172	172	https://picsum.photos/312/998	Photo
173	173	https://picsum.photos/137/931	Photo
174	174	https://picsum.photos/511/874	Photo
175	175	https://dummyimage.com/975x940	Photo
176	176	https://placekitten.com/747/839	Photo
177	177	https://dummyimage.com/265x802	Photo
178	178	https://placekitten.com/702/528	Photo
179	179	https://placekitten.com/281/464	Photo
180	180	https://placekitten.com/320/659	Photo
181	181	https://picsum.photos/567/760	Photo
182	182	https://placekitten.com/359/390	Photo
183	183	https://dummyimage.com/467x598	Photo
184	184	https://placekitten.com/813/492	Photo
185	185	https://placekitten.com/877/17	Photo
186	186	https://placekitten.com/921/910	Photo
187	187	https://dummyimage.com/889x464	Photo
188	188	https://placekitten.com/409/771	Photo
189	189	https://placekitten.com/375/97	Photo
190	190	https://placekitten.com/787/978	Photo
191	191	https://dummyimage.com/2x472	Photo
192	192	https://dummyimage.com/430x200	Photo
193	193	https://dummyimage.com/105x988	Photo
194	194	https://placekitten.com/690/278	Photo
195	195	https://placekitten.com/561/889	Photo
196	196	https://picsum.photos/896/401	Photo
197	197	https://placekitten.com/482/794	Photo
198	198	https://dummyimage.com/364x685	Photo
199	199	https://placekitten.com/30/687	Photo
200	200	https://placekitten.com/303/973	Photo
201	201	https://picsum.photos/932/556	Photo
202	202	https://placekitten.com/342/333	Photo
203	203	https://picsum.photos/834/641	Photo
204	204	https://dummyimage.com/253x462	Photo
205	205	https://dummyimage.com/306x100	Photo
206	206	https://picsum.photos/996/1012	Photo
207	207	https://picsum.photos/372/563	Photo
208	208	https://dummyimage.com/544x572	Photo
209	209	https://dummyimage.com/344x472	Photo
210	210	https://picsum.photos/571/639	Photo
211	211	https://placekitten.com/62/969	Photo
212	212	https://placekitten.com/1021/823	Photo
213	213	https://dummyimage.com/275x292	Photo
214	214	https://placekitten.com/136/490	Photo
215	215	https://placekitten.com/359/553	Photo
216	216	https://placekitten.com/459/974	Photo
217	217	https://picsum.photos/564/945	Photo
218	218	https://picsum.photos/152/197	Photo
219	219	https://placekitten.com/3/325	Photo
220	220	https://placekitten.com/579/204	Photo
221	221	https://dummyimage.com/561x559	Photo
222	222	https://picsum.photos/999/428	Photo
223	223	https://picsum.photos/588/664	Photo
224	224	https://placekitten.com/134/831	Photo
225	225	https://placekitten.com/111/735	Photo
226	226	https://dummyimage.com/677x817	Photo
227	227	https://placekitten.com/817/400	Photo
228	228	https://placekitten.com/285/879	Photo
229	229	https://picsum.photos/88/3	Photo
230	230	https://picsum.photos/802/520	Photo
231	231	https://picsum.photos/365/537	Photo
232	232	https://picsum.photos/739/826	Photo
233	233	https://placekitten.com/241/81	Photo
234	234	https://picsum.photos/315/575	Photo
235	235	https://dummyimage.com/881x158	Photo
236	236	https://placekitten.com/713/914	Photo
237	237	https://dummyimage.com/536x782	Photo
238	238	https://placekitten.com/726/1002	Photo
239	239	https://picsum.photos/828/343	Photo
240	240	https://placekitten.com/488/565	Photo
241	241	https://dummyimage.com/732x637	Photo
242	242	https://placekitten.com/1022/1019	Photo
243	243	https://placekitten.com/130/23	Photo
244	244	https://placekitten.com/380/289	Photo
245	245	https://placekitten.com/213/925	Photo
246	246	https://picsum.photos/166/985	Photo
247	247	https://dummyimage.com/730x315	Photo
248	248	https://picsum.photos/792/744	Photo
249	249	https://placekitten.com/968/981	Photo
\.


--
-- Data for Name: ProjectsCategoryMappings; Type: TABLE DATA; Schema: public; Owner: postgres
--

COPY public."ProjectsCategoryMappings" ("ProjectId", "CategoryId", "ProjectCategoryMappingId") FROM stdin;
1	1	0
2	2	0
2	3	0
3	4	0
3	5	0
3	6	0
4	7	0
5	8	0
5	9	0
5	10	0
6	11	0
6	12	0
7	13	0
7	14	0
7	15	0
8	16	0
8	17	0
8	18	0
9	19	0
9	20	0
10	21	0
10	22	0
11	23	0
12	24	0
12	25	0
13	26	0
13	27	0
13	28	0
14	29	0
14	30	0
14	31	0
15	32	0
15	33	0
15	34	0
16	35	0
16	36	0
17	37	0
18	38	0
18	39	0
18	7	0
19	40	0
20	41	0
20	42	0
20	43	0
21	44	0
22	45	0
22	3	0
22	29	0
23	46	0
24	47	0
24	48	0
24	12	0
25	49	0
25	50	0
26	51	0
26	52	0
27	53	0
27	54	0
28	55	0
28	56	0
29	57	0
29	58	0
29	59	0
30	60	0
30	61	0
30	62	0
31	63	0
31	64	0
31	65	0
32	66	0
33	67	0
34	68	0
35	69	0
35	70	0
35	67	0
36	71	0
36	72	0
37	41	0
38	34	0
39	73	0
39	74	0
40	75	0
40	76	0
40	77	0
41	78	0
41	79	0
41	80	0
42	81	0
43	82	0
44	83	0
44	84	0
45	85	0
45	86	0
46	87	0
46	81	0
47	88	0
47	89	0
47	90	0
48	91	0
48	92	0
48	93	0
49	94	0
49	5	0
50	95	0
50	2	0
51	96	0
51	97	0
51	37	0
52	98	0
52	99	0
53	100	0
54	101	0
54	102	0
54	9	0
55	103	0
55	104	0
55	105	0
56	106	0
57	107	0
57	108	0
57	45	0
58	109	0
59	110	0
59	72	0
60	111	0
60	112	0
60	113	0
61	114	0
62	115	0
63	116	0
63	95	0
64	117	0
64	118	0
65	119	0
66	120	0
67	121	0
67	122	0
68	123	0
68	124	0
68	94	0
69	125	0
69	126	0
69	127	0
70	107	0
70	124	0
71	128	0
71	129	0
71	43	0
72	130	0
72	75	0
73	131	0
73	132	0
73	133	0
74	134	0
74	106	0
75	135	0
75	136	0
76	137	0
77	121	0
78	138	0
78	110	0
79	139	0
80	140	0
80	141	0
81	26	0
82	25	0
82	67	0
82	70	0
83	142	0
83	35	0
83	137	0
84	143	0
84	144	0
84	145	0
85	146	0
85	147	0
85	148	0
86	149	0
87	150	0
87	131	0
88	151	0
88	107	0
89	6	0
90	152	0
90	103	0
91	153	0
91	87	0
92	154	0
93	155	0
93	156	0
93	87	0
94	157	0
94	13	0
94	141	0
95	158	0
95	141	0
96	159	0
97	160	0
97	161	0
98	162	0
98	163	0
99	164	0
99	89	0
100	165	0
100	57	0
101	166	0
102	167	0
102	168	0
102	48	0
103	169	0
103	170	0
104	171	0
104	103	0
105	172	0
106	14	0
106	64	0
106	96	0
107	173	0
107	174	0
108	175	0
108	176	0
108	177	0
109	166	0
110	178	0
110	75	0
111	179	0
111	180	0
111	147	0
112	181	0
112	28	0
113	146	0
113	153	0
113	168	0
114	182	0
114	183	0
114	6	0
115	184	0
115	185	0
115	95	0
116	41	0
117	186	0
117	187	0
118	188	0
118	189	0
118	26	0
119	190	0
119	89	0
119	173	0
120	191	0
120	2	0
121	18	0
121	156	0
122	68	0
123	83	0
124	192	0
124	193	0
124	149	0
125	194	0
126	16	0
127	195	0
128	81	0
129	196	0
130	197	0
131	198	0
131	17	0
131	155	0
132	199	0
132	200	0
132	201	0
133	202	0
133	41	0
133	80	0
134	203	0
134	204	0
134	205	0
135	206	0
135	207	0
135	152	0
136	208	0
137	60	0
137	69	0
137	191	0
138	209	0
138	21	0
139	128	0
140	210	0
140	7	0
141	211	0
141	59	0
142	74	0
143	136	0
144	212	0
145	213	0
145	214	0
146	46	0
147	215	0
147	216	0
147	158	0
148	217	0
148	218	0
148	219	0
149	220	0
149	164	0
150	221	0
150	222	0
150	135	0
151	223	0
152	224	0
152	32	0
153	225	0
153	93	0
153	152	0
154	226	0
154	108	0
155	42	0
155	78	0
155	210	0
156	227	0
156	178	0
156	185	0
157	79	0
158	228	0
159	229	0
159	230	0
159	231	0
160	22	0
160	104	0
161	194	0
162	7	0
163	2	0
163	71	0
163	87	0
164	232	0
165	233	0
165	234	0
166	235	0
166	236	0
167	7	0
168	237	0
168	199	0
169	238	0
169	204	0
170	239	0
170	192	0
170	201	0
171	240	0
171	201	0
172	241	0
173	16	0
174	242	0
175	243	0
175	11	0
175	83	0
176	36	0
176	159	0
176	212	0
177	244	0
177	201	0
178	134	0
178	146	0
179	245	0
180	246	0
181	247	0
181	112	0
181	114	0
182	248	0
182	249	0
182	201	0
183	250	0
183	251	0
183	167	0
184	252	0
185	207	0
186	253	0
186	254	0
186	214	0
187	128	0
187	132	0
187	253	0
188	47	0
188	211	0
189	255	0
189	256	0
189	245	0
190	257	0
190	236	0
191	258	0
191	253	0
192	259	0
192	91	0
192	155	0
193	260	0
193	168	0
193	252	0
194	261	0
194	262	0
194	263	0
195	264	0
196	265	0
196	266	0
196	16	0
197	267	0
197	194	0
198	101	0
199	268	0
199	269	0
200	195	0
201	133	0
202	249	0
203	270	0
204	271	0
204	106	0
205	272	0
206	273	0
206	6	0
206	241	0
207	274	0
207	275	0
207	273	0
208	88	0
209	276	0
210	33	0
211	43	0
211	216	0
212	277	0
212	278	0
212	233	0
213	279	0
213	280	0
214	99	0
215	281	0
215	63	0
216	282	0
217	283	0
217	284	0
217	17	0
218	285	0
218	286	0
218	287	0
219	288	0
220	222	0
221	53	0
221	243	0
222	289	0
222	23	0
223	125	0
224	290	0
224	106	0
224	210	0
225	291	0
225	87	0
225	91	0
226	292	0
226	55	0
226	270	0
227	293	0
227	294	0
227	150	0
228	295	0
229	17	0
229	84	0
230	296	0
230	182	0
231	119	0
231	217	0
231	275	0
232	293	0
233	297	0
233	298	0
234	299	0
235	157	0
236	131	0
236	175	0
237	300	0
237	112	0
238	301	0
238	283	0
239	143	0
240	113	0
241	94	0
242	302	0
242	67	0
242	167	0
243	20	0
243	38	0
243	148	0
244	1	0
244	102	0
244	285	0
245	303	0
245	13	0
246	304	0
246	305	0
246	79	0
247	193	0
248	29	0
249	306	0
249	141	0
249	279	0
\.


--
-- Name: ArticlePhotos_ArticlePhotoId_seq; Type: SEQUENCE SET; Schema: public; Owner: postgres
--

SELECT pg_catalog.setval('public."ArticlePhotos_ArticlePhotoId_seq"', 101, true);


--
-- Name: Articles_ArticleId_seq; Type: SEQUENCE SET; Schema: public; Owner: postgres
--

SELECT pg_catalog.setval('public."Articles_ArticleId_seq"', 103, true);


--
-- Name: Charities_CharityId_seq; Type: SEQUENCE SET; Schema: public; Owner: postgres
--

SELECT pg_catalog.setval('public."Charities_CharityId_seq"', 345, true);


--
-- Name: CharityPhotos_PhotoId_seq; Type: SEQUENCE SET; Schema: public; Owner: postgres
--

SELECT pg_catalog.setval('public."CharityPhotos_PhotoId_seq"', 1, false);


--
-- Name: CharityProjects_ProjectId_seq; Type: SEQUENCE SET; Schema: public; Owner: postgres
--

SELECT pg_catalog.setval('public."CharityProjects_ProjectId_seq"', 249, true);


--
-- Name: ProjectCategories_CategoryId_seq; Type: SEQUENCE SET; Schema: public; Owner: postgres
--

SELECT pg_catalog.setval('public."ProjectCategories_CategoryId_seq"', 306, true);


--
-- Name: ProjectComments_CommentId_seq; Type: SEQUENCE SET; Schema: public; Owner: postgres
--

SELECT pg_catalog.setval('public."ProjectComments_CommentId_seq"', 1, false);


--
-- Name: ProjectPhotos_PhotoId_seq; Type: SEQUENCE SET; Schema: public; Owner: postgres
--

SELECT pg_catalog.setval('public."ProjectPhotos_PhotoId_seq"', 249, true);


--
-- Name: ArticlePhotos PK_ArticlePhotos; Type: CONSTRAINT; Schema: public; Owner: postgres
--

ALTER TABLE ONLY public."ArticlePhotos"
    ADD CONSTRAINT "PK_ArticlePhotos" PRIMARY KEY ("ArticlePhotoId");


--
-- Name: Articles PK_Articles; Type: CONSTRAINT; Schema: public; Owner: postgres
--

ALTER TABLE ONLY public."Articles"
    ADD CONSTRAINT "PK_Articles" PRIMARY KEY ("ArticleId");


--
-- Name: Charities PK_Charities; Type: CONSTRAINT; Schema: public; Owner: postgres
--

ALTER TABLE ONLY public."Charities"
    ADD CONSTRAINT "PK_Charities" PRIMARY KEY ("CharityId");


--
-- Name: CharityPhotos PK_CharityPhotos; Type: CONSTRAINT; Schema: public; Owner: postgres
--

ALTER TABLE ONLY public."CharityPhotos"
    ADD CONSTRAINT "PK_CharityPhotos" PRIMARY KEY ("PhotoId");


--
-- Name: CharityProjects PK_CharityProjects; Type: CONSTRAINT; Schema: public; Owner: postgres
--

ALTER TABLE ONLY public."CharityProjects"
    ADD CONSTRAINT "PK_CharityProjects" PRIMARY KEY ("ProjectId");


--
-- Name: ProjectCategories PK_ProjectCategories; Type: CONSTRAINT; Schema: public; Owner: postgres
--

ALTER TABLE ONLY public."ProjectCategories"
    ADD CONSTRAINT "PK_ProjectCategories" PRIMARY KEY ("CategoryId");


--
-- Name: ProjectComments PK_ProjectComments; Type: CONSTRAINT; Schema: public; Owner: postgres
--

ALTER TABLE ONLY public."ProjectComments"
    ADD CONSTRAINT "PK_ProjectComments" PRIMARY KEY ("CommentId");


--
-- Name: ProjectPhotos PK_ProjectPhotos; Type: CONSTRAINT; Schema: public; Owner: postgres
--

ALTER TABLE ONLY public."ProjectPhotos"
    ADD CONSTRAINT "PK_ProjectPhotos" PRIMARY KEY ("PhotoId");


--
-- Name: ProjectsCategoryMappings PK_ProjectsCategoryMappings; Type: CONSTRAINT; Schema: public; Owner: postgres
--

ALTER TABLE ONLY public."ProjectsCategoryMappings"
    ADD CONSTRAINT "PK_ProjectsCategoryMappings" PRIMARY KEY ("ProjectId", "CategoryId");


--
-- Name: IX_ArticlePhotos_ArticleId; Type: INDEX; Schema: public; Owner: postgres
--

CREATE UNIQUE INDEX "IX_ArticlePhotos_ArticleId" ON public."ArticlePhotos" USING btree ("ArticleId");


--
-- Name: IX_Articles_ArticleId; Type: INDEX; Schema: public; Owner: postgres
--

CREATE UNIQUE INDEX "IX_Articles_ArticleId" ON public."Articles" USING btree ("ArticleId");


--
-- Name: IX_Articles_AuthorCharityId; Type: INDEX; Schema: public; Owner: postgres
--

CREATE INDEX "IX_Articles_AuthorCharityId" ON public."Articles" USING btree ("AuthorCharityId");


--
-- Name: IX_Charities_Username; Type: INDEX; Schema: public; Owner: postgres
--

CREATE UNIQUE INDEX "IX_Charities_Username" ON public."Charities" USING btree ("Username");


--
-- Name: IX_CharityPhotos_CharityId; Type: INDEX; Schema: public; Owner: postgres
--

CREATE INDEX "IX_CharityPhotos_CharityId" ON public."CharityPhotos" USING btree ("CharityId");


--
-- Name: IX_CharityProjects_CharityId; Type: INDEX; Schema: public; Owner: postgres
--

CREATE INDEX "IX_CharityProjects_CharityId" ON public."CharityProjects" USING btree ("CharityId");


--
-- Name: IX_ProjectComments_ProjectId; Type: INDEX; Schema: public; Owner: postgres
--

CREATE INDEX "IX_ProjectComments_ProjectId" ON public."ProjectComments" USING btree ("ProjectId");


--
-- Name: IX_ProjectPhotos_ProjectId; Type: INDEX; Schema: public; Owner: postgres
--

CREATE INDEX "IX_ProjectPhotos_ProjectId" ON public."ProjectPhotos" USING btree ("ProjectId");


--
-- Name: IX_ProjectsCategoryMappings_CategoryId; Type: INDEX; Schema: public; Owner: postgres
--

CREATE INDEX "IX_ProjectsCategoryMappings_CategoryId" ON public."ProjectsCategoryMappings" USING btree ("CategoryId");


--
-- Name: ArticlePhotos FK_ArticlePhotos_Articles_ArticleId; Type: FK CONSTRAINT; Schema: public; Owner: postgres
--

ALTER TABLE ONLY public."ArticlePhotos"
    ADD CONSTRAINT "FK_ArticlePhotos_Articles_ArticleId" FOREIGN KEY ("ArticleId") REFERENCES public."Articles"("ArticleId") ON DELETE CASCADE;


--
-- Name: Articles FK_Articles_Charities_AuthorCharityId; Type: FK CONSTRAINT; Schema: public; Owner: postgres
--

ALTER TABLE ONLY public."Articles"
    ADD CONSTRAINT "FK_Articles_Charities_AuthorCharityId" FOREIGN KEY ("AuthorCharityId") REFERENCES public."Charities"("CharityId") ON DELETE CASCADE;


--
-- Name: CharityPhotos FK_CharityPhotos_Charities_CharityId; Type: FK CONSTRAINT; Schema: public; Owner: postgres
--

ALTER TABLE ONLY public."CharityPhotos"
    ADD CONSTRAINT "FK_CharityPhotos_Charities_CharityId" FOREIGN KEY ("CharityId") REFERENCES public."Charities"("CharityId") ON DELETE CASCADE;


--
-- Name: CharityProjects FK_CharityProjects_Charities_CharityId; Type: FK CONSTRAINT; Schema: public; Owner: postgres
--

ALTER TABLE ONLY public."CharityProjects"
    ADD CONSTRAINT "FK_CharityProjects_Charities_CharityId" FOREIGN KEY ("CharityId") REFERENCES public."Charities"("CharityId") ON DELETE CASCADE;


--
-- Name: ProjectComments FK_ProjectComments_CharityProjects_ProjectId; Type: FK CONSTRAINT; Schema: public; Owner: postgres
--

ALTER TABLE ONLY public."ProjectComments"
    ADD CONSTRAINT "FK_ProjectComments_CharityProjects_ProjectId" FOREIGN KEY ("ProjectId") REFERENCES public."CharityProjects"("ProjectId") ON DELETE CASCADE;


--
-- Name: ProjectPhotos FK_ProjectPhotos_CharityProjects_ProjectId; Type: FK CONSTRAINT; Schema: public; Owner: postgres
--

ALTER TABLE ONLY public."ProjectPhotos"
    ADD CONSTRAINT "FK_ProjectPhotos_CharityProjects_ProjectId" FOREIGN KEY ("ProjectId") REFERENCES public."CharityProjects"("ProjectId") ON DELETE CASCADE;


--
-- Name: ProjectsCategoryMappings FK_ProjectsCategoryMappings_CharityProjects_ProjectId; Type: FK CONSTRAINT; Schema: public; Owner: postgres
--

ALTER TABLE ONLY public."ProjectsCategoryMappings"
    ADD CONSTRAINT "FK_ProjectsCategoryMappings_CharityProjects_ProjectId" FOREIGN KEY ("ProjectId") REFERENCES public."CharityProjects"("ProjectId") ON DELETE CASCADE;


--
-- Name: ProjectsCategoryMappings FK_ProjectsCategoryMappings_ProjectCategories_CategoryId; Type: FK CONSTRAINT; Schema: public; Owner: postgres
--

ALTER TABLE ONLY public."ProjectsCategoryMappings"
    ADD CONSTRAINT "FK_ProjectsCategoryMappings_ProjectCategories_CategoryId" FOREIGN KEY ("CategoryId") REFERENCES public."ProjectCategories"("CategoryId") ON DELETE CASCADE;


--
-- PostgreSQL database dump complete
--

